game,commence_time,bookmaker,team,decimal_odds,implied_prob,market,avg_decimal,rank,role,league
Atlanta Falcons vs Tampa Bay Buccaneers,2025-09-07 17:00:00+00:00,LowVig.ag,Over 47.0,1.87,0.53475935828877,totals,1.86,1.0,favorite,americanfootball_nfl
Atlanta Falcons vs Tampa Bay Buccaneers,2025-09-07 17:00:00+00:00,BetOnline.ag,Over 47.0,1.85,0.5405405405405405,totals,1.86,1.0,favorite,americanfootball_nfl
Atlanta Falcons vs Tampa Bay Buccaneers,2025-09-07 17:00:00+00:00,DraftKings,Tampa Bay Buccaneers,1.74,0.5747126436781609,h2h,1.7292307692307693,1.0,favorite,americanfootball_nfl
Atlanta Falcons vs Tampa Bay Buccaneers,2025-09-07 17:00:00+00:00,LowVig.ag,Tampa Bay Buccaneers,1.71,0.5847953216374269,h2h,1.7292307692307693,1.0,favorite,americanfootball_nfl
Atlanta Falcons vs Tampa Bay Buccaneers,2025-09-07 17:00:00+00:00,BetOnline.ag,Tampa Bay Buccaneers,1.71,0.5847953216374269,h2h,1.7292307692307693,1.0,favorite,americanfootball_nfl
Atlanta Falcons vs Tampa Bay Buccaneers,2025-09-07 17:00:00+00:00,ESPN BET,Tampa Bay Buccaneers,1.74,0.5747126436781609,h2h,1.7292307692307693,1.0,favorite,americanfootball_nfl
Atlanta Falcons vs Tampa Bay Buccaneers,2025-09-07 17:00:00+00:00,MyBookie.ag,Tampa Bay Buccaneers,1.72,0.5813953488372093,h2h,1.7292307692307693,1.0,favorite,americanfootball_nfl
Atlanta Falcons vs Tampa Bay Buccaneers,2025-09-07 17:00:00+00:00,BetRivers,Tampa Bay Buccaneers,1.75,0.5714285714285714,h2h,1.7292307692307693,1.0,favorite,americanfootball_nfl
Atlanta Falcons vs Tampa Bay Buccaneers,2025-09-07 17:00:00+00:00,betPARX,Tampa Bay Buccaneers,1.75,0.5714285714285714,h2h,1.7292307692307693,1.0,favorite,americanfootball_nfl
Atlanta Falcons vs Tampa Bay Buccaneers,2025-09-07 17:00:00+00:00,Bally Bet,Tampa Bay Buccaneers,1.75,0.5714285714285714,h2h,1.7292307692307693,1.0,favorite,americanfootball_nfl
Atlanta Falcons vs Tampa Bay Buccaneers,2025-09-07 17:00:00+00:00,Hard Rock Bet,Tampa Bay Buccaneers,1.74,0.5747126436781609,h2h,1.7292307692307693,1.0,favorite,americanfootball_nfl
Atlanta Falcons vs Tampa Bay Buccaneers,2025-09-07 17:00:00+00:00,BetMGM,Tampa Bay Buccaneers,1.71,0.5847953216374269,h2h,1.7292307692307693,1.0,favorite,americanfootball_nfl
Atlanta Falcons vs Tampa Bay Buccaneers,2025-09-07 17:00:00+00:00,BetUS,Tampa Bay Buccaneers,1.71,0.5847953216374269,h2h,1.7292307692307693,1.0,favorite,americanfootball_nfl
Atlanta Falcons vs Tampa Bay Buccaneers,2025-09-07 17:00:00+00:00,Bovada,Tampa Bay Buccaneers,1.74,0.5747126436781609,h2h,1.7292307692307693,1.0,favorite,americanfootball_nfl
Atlanta Falcons vs Tampa Bay Buccaneers,2025-09-07 17:00:00+00:00,Fliff,Tampa Bay Buccaneers,1.71,0.5847953216374269,h2h,1.7292307692307693,1.0,favorite,americanfootball_nfl
Atlanta Falcons vs Tampa Bay Buccaneers,2025-09-07 17:00:00+00:00,BetUS,Tampa Bay Buccaneers -1.5,1.87,0.53475935828877,spreads,1.87,1.0,favorite,americanfootball_nfl
Buffalo Bills vs Baltimore Ravens,2025-09-08 00:20:00+00:00,DraftKings,Baltimore Ravens,1.93,0.5181347150259068,h2h,1.8960000000000001,1.0,favorite,americanfootball_nfl
Buffalo Bills vs Baltimore Ravens,2025-09-08 00:20:00+00:00,ESPN BET,Baltimore Ravens,1.87,0.53475935828877,h2h,1.8960000000000001,1.0,favorite,americanfootball_nfl
Buffalo Bills vs Baltimore Ravens,2025-09-08 00:20:00+00:00,Bally Bet,Baltimore Ravens,1.91,0.5235602094240838,h2h,1.8960000000000001,1.0,favorite,americanfootball_nfl
Buffalo Bills vs Baltimore Ravens,2025-09-08 00:20:00+00:00,BetRivers,Baltimore Ravens,1.91,0.5235602094240838,h2h,1.8960000000000001,1.0,favorite,americanfootball_nfl
Buffalo Bills vs Baltimore Ravens,2025-09-08 00:20:00+00:00,betPARX,Baltimore Ravens,1.91,0.5235602094240838,h2h,1.8960000000000001,1.0,favorite,americanfootball_nfl
Buffalo Bills vs Baltimore Ravens,2025-09-08 00:20:00+00:00,MyBookie.ag,Baltimore Ravens,1.91,0.5235602094240838,h2h,1.8960000000000001,1.0,favorite,americanfootball_nfl
Buffalo Bills vs Baltimore Ravens,2025-09-08 00:20:00+00:00,BetMGM,Baltimore Ravens,1.91,0.5235602094240838,h2h,1.8960000000000001,1.0,favorite,americanfootball_nfl
Buffalo Bills vs Baltimore Ravens,2025-09-08 00:20:00+00:00,Hard Rock Bet,Baltimore Ravens,1.91,0.5235602094240838,h2h,1.8960000000000001,1.0,favorite,americanfootball_nfl
Buffalo Bills vs Baltimore Ravens,2025-09-08 00:20:00+00:00,Bovada,Baltimore Ravens,1.87,0.53475935828877,h2h,1.8960000000000001,1.0,favorite,americanfootball_nfl
Buffalo Bills vs Baltimore Ravens,2025-09-08 00:20:00+00:00,Fliff,Baltimore Ravens,1.83,0.5464480874316939,h2h,1.8960000000000001,1.0,favorite,americanfootball_nfl
Buffalo Bills vs Baltimore Ravens,2025-09-08 00:20:00+00:00,DraftKings,Baltimore Ravens 1.5,1.85,0.5405405405405405,spreads,1.8250000000000002,1.0,favorite,americanfootball_nfl
Buffalo Bills vs Baltimore Ravens,2025-09-08 00:20:00+00:00,ESPN BET,Baltimore Ravens 1.5,1.8,0.5555555555555556,spreads,1.8250000000000002,1.0,favorite,americanfootball_nfl
Buffalo Bills vs Baltimore Ravens,2025-09-08 00:20:00+00:00,LowVig.ag,Under 50.5,1.93,0.5181347150259068,totals,1.9041666666666666,1.0,favorite,americanfootball_nfl
Buffalo Bills vs Baltimore Ravens,2025-09-08 00:20:00+00:00,BetOnline.ag,Under 50.5,1.91,0.5235602094240838,totals,1.9041666666666666,1.0,favorite,americanfootball_nfl
Buffalo Bills vs Baltimore Ravens,2025-09-08 00:20:00+00:00,DraftKings,Under 50.5,1.91,0.5235602094240838,totals,1.9041666666666666,1.0,favorite,americanfootball_nfl
Buffalo Bills vs Baltimore Ravens,2025-09-08 00:20:00+00:00,ESPN BET,Under 50.5,1.95,0.5128205128205129,totals,1.9041666666666666,1.0,favorite,americanfootball_nfl
Buffalo Bills vs Baltimore Ravens,2025-09-08 00:20:00+00:00,Bally Bet,Under 50.5,1.88,0.5319148936170213,totals,1.9041666666666666,1.0,favorite,americanfootball_nfl
Buffalo Bills vs Baltimore Ravens,2025-09-08 00:20:00+00:00,BetRivers,Under 50.5,1.88,0.5319148936170213,totals,1.9041666666666666,1.0,favorite,americanfootball_nfl
Buffalo Bills vs Baltimore Ravens,2025-09-08 00:20:00+00:00,betPARX,Under 50.5,1.88,0.5319148936170213,totals,1.9041666666666666,1.0,favorite,americanfootball_nfl
Buffalo Bills vs Baltimore Ravens,2025-09-08 00:20:00+00:00,MyBookie.ag,Under 50.5,1.91,0.5235602094240838,totals,1.9041666666666666,1.0,favorite,americanfootball_nfl
Buffalo Bills vs Baltimore Ravens,2025-09-08 00:20:00+00:00,BetMGM,Under 50.5,1.91,0.5235602094240838,totals,1.9041666666666666,1.0,favorite,americanfootball_nfl
Buffalo Bills vs Baltimore Ravens,2025-09-08 00:20:00+00:00,Hard Rock Bet,Under 50.5,1.91,0.5235602094240838,totals,1.9041666666666666,1.0,favorite,americanfootball_nfl
Buffalo Bills vs Baltimore Ravens,2025-09-08 00:20:00+00:00,BetUS,Under 50.5,1.91,0.5235602094240838,totals,1.9041666666666666,1.0,favorite,americanfootball_nfl
Buffalo Bills vs Baltimore Ravens,2025-09-08 00:20:00+00:00,Fliff,Under 50.5,1.87,0.53475935828877,totals,1.9041666666666666,1.0,favorite,americanfootball_nfl
Chicago Bears vs Minnesota Vikings,2025-09-09 00:15:00+00:00,LowVig.ag,Chicago Bears 2.0,1.88,0.5319148936170213,spreads,1.865,1.0,favorite,americanfootball_nfl
Chicago Bears vs Minnesota Vikings,2025-09-09 00:15:00+00:00,BetOnline.ag,Chicago Bears 2.0,1.85,0.5405405405405405,spreads,1.865,1.0,favorite,americanfootball_nfl
Chicago Bears vs Minnesota Vikings,2025-09-09 00:15:00+00:00,LowVig.ag,Minnesota Vikings,1.83,0.5464480874316939,h2h,1.8141666666666667,1.0,favorite,americanfootball_nfl
Chicago Bears vs Minnesota Vikings,2025-09-09 00:15:00+00:00,BetOnline.ag,Minnesota Vikings,1.83,0.5464480874316939,h2h,1.8141666666666667,1.0,favorite,americanfootball_nfl
Chicago Bears vs Minnesota Vikings,2025-09-09 00:15:00+00:00,DraftKings,Minnesota Vikings,1.8,0.5555555555555556,h2h,1.8141666666666667,1.0,favorite,americanfootball_nfl
Chicago Bears vs Minnesota Vikings,2025-09-09 00:15:00+00:00,ESPN BET,Minnesota Vikings,1.77,0.5649717514124294,h2h,1.8141666666666667,1.0,favorite,americanfootball_nfl
Chicago Bears vs Minnesota Vikings,2025-09-09 00:15:00+00:00,MyBookie.ag,Minnesota Vikings,1.82,0.5494505494505494,h2h,1.8141666666666667,1.0,favorite,americanfootball_nfl
Chicago Bears vs Minnesota Vikings,2025-09-09 00:15:00+00:00,Bally Bet,Minnesota Vikings,1.83,0.5464480874316939,h2h,1.8141666666666667,1.0,favorite,americanfootball_nfl
Chicago Bears vs Minnesota Vikings,2025-09-09 00:15:00+00:00,betPARX,Minnesota Vikings,1.83,0.5464480874316939,h2h,1.8141666666666667,1.0,favorite,americanfootball_nfl
Chicago Bears vs Minnesota Vikings,2025-09-09 00:15:00+00:00,BetRivers,Minnesota Vikings,1.83,0.5464480874316939,h2h,1.8141666666666667,1.0,favorite,americanfootball_nfl
Chicago Bears vs Minnesota Vikings,2025-09-09 00:15:00+00:00,BetMGM,Minnesota Vikings,1.83,0.5464480874316939,h2h,1.8141666666666667,1.0,favorite,americanfootball_nfl
Chicago Bears vs Minnesota Vikings,2025-09-09 00:15:00+00:00,Hard Rock Bet,Minnesota Vikings,1.8,0.5555555555555556,h2h,1.8141666666666667,1.0,favorite,americanfootball_nfl
Chicago Bears vs Minnesota Vikings,2025-09-09 00:15:00+00:00,BetUS,Minnesota Vikings,1.8,0.5555555555555556,h2h,1.8141666666666667,1.0,favorite,americanfootball_nfl
Chicago Bears vs Minnesota Vikings,2025-09-09 00:15:00+00:00,Bovada,Minnesota Vikings,1.8,0.5555555555555556,h2h,1.8141666666666667,1.0,favorite,americanfootball_nfl
Chicago Bears vs Minnesota Vikings,2025-09-09 00:15:00+00:00,DraftKings,Over 43.5,1.87,0.53475935828877,totals,1.87,1.0,favorite,americanfootball_nfl
Chicago Bears vs Minnesota Vikings,2025-09-09 00:15:00+00:00,ESPN BET,Over 43.5,1.87,0.53475935828877,totals,1.87,1.0,favorite,americanfootball_nfl
Cleveland Browns vs Cincinnati Bengals,2025-09-07 17:00:00+00:00,DraftKings,Cincinnati Bengals,1.42,0.7042253521126761,h2h,1.4169230769230767,1.0,favorite,americanfootball_nfl
Cleveland Browns vs Cincinnati Bengals,2025-09-07 17:00:00+00:00,LowVig.ag,Cincinnati Bengals,1.42,0.7042253521126761,h2h,1.4169230769230767,1.0,favorite,americanfootball_nfl
Cleveland Browns vs Cincinnati Bengals,2025-09-07 17:00:00+00:00,BetOnline.ag,Cincinnati Bengals,1.42,0.7042253521126761,h2h,1.4169230769230767,1.0,favorite,americanfootball_nfl
Cleveland Browns vs Cincinnati Bengals,2025-09-07 17:00:00+00:00,ESPN BET,Cincinnati Bengals,1.4,0.7142857142857143,h2h,1.4169230769230767,1.0,favorite,americanfootball_nfl
Cleveland Browns vs Cincinnati Bengals,2025-09-07 17:00:00+00:00,MyBookie.ag,Cincinnati Bengals,1.43,0.6993006993006994,h2h,1.4169230769230767,1.0,favorite,americanfootball_nfl
Cleveland Browns vs Cincinnati Bengals,2025-09-07 17:00:00+00:00,BetRivers,Cincinnati Bengals,1.43,0.6993006993006994,h2h,1.4169230769230767,1.0,favorite,americanfootball_nfl
Cleveland Browns vs Cincinnati Bengals,2025-09-07 17:00:00+00:00,betPARX,Cincinnati Bengals,1.43,0.6993006993006994,h2h,1.4169230769230767,1.0,favorite,americanfootball_nfl
Cleveland Browns vs Cincinnati Bengals,2025-09-07 17:00:00+00:00,Bally Bet,Cincinnati Bengals,1.43,0.6993006993006994,h2h,1.4169230769230767,1.0,favorite,americanfootball_nfl
Cleveland Browns vs Cincinnati Bengals,2025-09-07 17:00:00+00:00,Hard Rock Bet,Cincinnati Bengals,1.4,0.7142857142857143,h2h,1.4169230769230767,1.0,favorite,americanfootball_nfl
Cleveland Browns vs Cincinnati Bengals,2025-09-07 17:00:00+00:00,BetMGM,Cincinnati Bengals,1.4,0.7142857142857143,h2h,1.4169230769230767,1.0,favorite,americanfootball_nfl
Cleveland Browns vs Cincinnati Bengals,2025-09-07 17:00:00+00:00,BetUS,Cincinnati Bengals,1.42,0.7042253521126761,h2h,1.4169230769230767,1.0,favorite,americanfootball_nfl
Cleveland Browns vs Cincinnati Bengals,2025-09-07 17:00:00+00:00,Bovada,Cincinnati Bengals,1.41,0.7092198581560284,h2h,1.4169230769230767,1.0,favorite,americanfootball_nfl
Cleveland Browns vs Cincinnati Bengals,2025-09-07 17:00:00+00:00,Fliff,Cincinnati Bengals,1.41,0.7092198581560284,h2h,1.4169230769230767,1.0,favorite,americanfootball_nfl
Cleveland Browns vs Cincinnati Bengals,2025-09-07 17:00:00+00:00,DraftKings,Cleveland Browns 5.5,1.89,0.5291005291005292,spreads,1.8966666666666667,1.0,favorite,americanfootball_nfl
Cleveland Browns vs Cincinnati Bengals,2025-09-07 17:00:00+00:00,ESPN BET,Cleveland Browns 5.5,1.91,0.5235602094240838,spreads,1.8966666666666667,1.0,favorite,americanfootball_nfl
Cleveland Browns vs Cincinnati Bengals,2025-09-07 17:00:00+00:00,BetRivers,Cleveland Browns 5.5,1.89,0.5291005291005292,spreads,1.8966666666666667,1.0,favorite,americanfootball_nfl
Cleveland Browns vs Cincinnati Bengals,2025-09-07 17:00:00+00:00,betPARX,Cleveland Browns 5.5,1.89,0.5291005291005292,spreads,1.8966666666666667,1.0,favorite,americanfootball_nfl
Cleveland Browns vs Cincinnati Bengals,2025-09-07 17:00:00+00:00,Bally Bet,Cleveland Browns 5.5,1.89,0.5291005291005292,spreads,1.8966666666666667,1.0,favorite,americanfootball_nfl
Cleveland Browns vs Cincinnati Bengals,2025-09-07 17:00:00+00:00,BetMGM,Cleveland Browns 5.5,1.91,0.5235602094240838,spreads,1.8966666666666667,1.0,favorite,americanfootball_nfl
Cleveland Browns vs Cincinnati Bengals,2025-09-07 17:00:00+00:00,BetUS,Cleveland Browns 5.5,1.91,0.5235602094240838,spreads,1.8966666666666667,1.0,favorite,americanfootball_nfl
Cleveland Browns vs Cincinnati Bengals,2025-09-07 17:00:00+00:00,Bovada,Cleveland Browns 5.5,1.91,0.5235602094240838,spreads,1.8966666666666667,1.0,favorite,americanfootball_nfl
Cleveland Browns vs Cincinnati Bengals,2025-09-07 17:00:00+00:00,Fliff,Cleveland Browns 5.5,1.87,0.53475935828877,spreads,1.8966666666666667,1.0,favorite,americanfootball_nfl
Cleveland Browns vs Cincinnati Bengals,2025-09-07 17:00:00+00:00,DraftKings,Over 47.5,1.87,0.53475935828877,totals,1.9038461538461537,1.0,favorite,americanfootball_nfl
Cleveland Browns vs Cincinnati Bengals,2025-09-07 17:00:00+00:00,LowVig.ag,Over 47.5,1.93,0.5181347150259068,totals,1.9038461538461537,1.0,favorite,americanfootball_nfl
Cleveland Browns vs Cincinnati Bengals,2025-09-07 17:00:00+00:00,BetOnline.ag,Over 47.5,1.91,0.5235602094240838,totals,1.9038461538461537,1.0,favorite,americanfootball_nfl
Cleveland Browns vs Cincinnati Bengals,2025-09-07 17:00:00+00:00,ESPN BET,Over 47.5,1.91,0.5235602094240838,totals,1.9038461538461537,1.0,favorite,americanfootball_nfl
Cleveland Browns vs Cincinnati Bengals,2025-09-07 17:00:00+00:00,MyBookie.ag,Over 47.5,1.91,0.5235602094240838,totals,1.9038461538461537,1.0,favorite,americanfootball_nfl
Cleveland Browns vs Cincinnati Bengals,2025-09-07 17:00:00+00:00,BetRivers,Over 47.5,1.93,0.5181347150259068,totals,1.9038461538461537,1.0,favorite,americanfootball_nfl
Cleveland Browns vs Cincinnati Bengals,2025-09-07 17:00:00+00:00,betPARX,Over 47.5,1.93,0.5181347150259068,totals,1.9038461538461537,1.0,favorite,americanfootball_nfl
Cleveland Browns vs Cincinnati Bengals,2025-09-07 17:00:00+00:00,Bally Bet,Over 47.5,1.93,0.5181347150259068,totals,1.9038461538461537,1.0,favorite,americanfootball_nfl
Cleveland Browns vs Cincinnati Bengals,2025-09-07 17:00:00+00:00,Hard Rock Bet,Over 47.5,1.87,0.53475935828877,totals,1.9038461538461537,1.0,favorite,americanfootball_nfl
Cleveland Browns vs Cincinnati Bengals,2025-09-07 17:00:00+00:00,BetMGM,Over 47.5,1.91,0.5235602094240838,totals,1.9038461538461537,1.0,favorite,americanfootball_nfl
Cleveland Browns vs Cincinnati Bengals,2025-09-07 17:00:00+00:00,BetUS,Over 47.5,1.91,0.5235602094240838,totals,1.9038461538461537,1.0,favorite,americanfootball_nfl
Cleveland Browns vs Cincinnati Bengals,2025-09-07 17:00:00+00:00,Bovada,Over 47.5,1.91,0.5235602094240838,totals,1.9038461538461537,1.0,favorite,americanfootball_nfl
Cleveland Browns vs Cincinnati Bengals,2025-09-07 17:00:00+00:00,Fliff,Over 47.5,1.83,0.5464480874316939,totals,1.9038461538461537,1.0,favorite,americanfootball_nfl
Denver Broncos vs Tennessee Titans,2025-09-07 20:05:00+00:00,LowVig.ag,Denver Broncos,1.25,0.8,h2h,1.2461538461538462,1.0,favorite,americanfootball_nfl
Denver Broncos vs Tennessee Titans,2025-09-07 20:05:00+00:00,BetOnline.ag,Denver Broncos,1.25,0.8,h2h,1.2461538461538462,1.0,favorite,americanfootball_nfl
Denver Broncos vs Tennessee Titans,2025-09-07 20:05:00+00:00,DraftKings,Denver Broncos,1.26,0.7936507936507936,h2h,1.2461538461538462,1.0,favorite,americanfootball_nfl
Denver Broncos vs Tennessee Titans,2025-09-07 20:05:00+00:00,MyBookie.ag,Denver Broncos,1.24,0.8064516129032259,h2h,1.2461538461538462,1.0,favorite,americanfootball_nfl
Denver Broncos vs Tennessee Titans,2025-09-07 20:05:00+00:00,ESPN BET,Denver Broncos,1.25,0.8,h2h,1.2461538461538462,1.0,favorite,americanfootball_nfl
Denver Broncos vs Tennessee Titans,2025-09-07 20:05:00+00:00,betPARX,Denver Broncos,1.24,0.8064516129032259,h2h,1.2461538461538462,1.0,favorite,americanfootball_nfl
Denver Broncos vs Tennessee Titans,2025-09-07 20:05:00+00:00,Bally Bet,Denver Broncos,1.24,0.8064516129032259,h2h,1.2461538461538462,1.0,favorite,americanfootball_nfl
Denver Broncos vs Tennessee Titans,2025-09-07 20:05:00+00:00,BetMGM,Denver Broncos,1.25,0.8,h2h,1.2461538461538462,1.0,favorite,americanfootball_nfl
Denver Broncos vs Tennessee Titans,2025-09-07 20:05:00+00:00,Hard Rock Bet,Denver Broncos,1.25,0.8,h2h,1.2461538461538462,1.0,favorite,americanfootball_nfl
Denver Broncos vs Tennessee Titans,2025-09-07 20:05:00+00:00,BetUS,Denver Broncos,1.25,0.8,h2h,1.2461538461538462,1.0,favorite,americanfootball_nfl
Denver Broncos vs Tennessee Titans,2025-09-07 20:05:00+00:00,BetRivers,Denver Broncos,1.24,0.8064516129032259,h2h,1.2461538461538462,1.0,favorite,americanfootball_nfl
Denver Broncos vs Tennessee Titans,2025-09-07 20:05:00+00:00,Bovada,Denver Broncos,1.24,0.8064516129032259,h2h,1.2461538461538462,1.0,favorite,americanfootball_nfl
Denver Broncos vs Tennessee Titans,2025-09-07 20:05:00+00:00,Fliff,Denver Broncos,1.24,0.8064516129032259,h2h,1.2461538461538462,1.0,favorite,americanfootball_nfl
Denver Broncos vs Tennessee Titans,2025-09-07 20:05:00+00:00,LowVig.ag,Over 42.5,1.88,0.5319148936170213,totals,1.8938461538461537,1.0,favorite,americanfootball_nfl
Denver Broncos vs Tennessee Titans,2025-09-07 20:05:00+00:00,BetOnline.ag,Over 42.5,1.87,0.53475935828877,totals,1.8938461538461537,1.0,favorite,americanfootball_nfl
Denver Broncos vs Tennessee Titans,2025-09-07 20:05:00+00:00,DraftKings,Over 42.5,1.91,0.5235602094240838,totals,1.8938461538461537,1.0,favorite,americanfootball_nfl
Denver Broncos vs Tennessee Titans,2025-09-07 20:05:00+00:00,MyBookie.ag,Over 42.5,1.91,0.5235602094240838,totals,1.8938461538461537,1.0,favorite,americanfootball_nfl
Denver Broncos vs Tennessee Titans,2025-09-07 20:05:00+00:00,ESPN BET,Over 42.5,1.91,0.5235602094240838,totals,1.8938461538461537,1.0,favorite,americanfootball_nfl
Denver Broncos vs Tennessee Titans,2025-09-07 20:05:00+00:00,betPARX,Over 42.5,1.89,0.5291005291005292,totals,1.8938461538461537,1.0,favorite,americanfootball_nfl
Denver Broncos vs Tennessee Titans,2025-09-07 20:05:00+00:00,Bally Bet,Over 42.5,1.89,0.5291005291005292,totals,1.8938461538461537,1.0,favorite,americanfootball_nfl
Denver Broncos vs Tennessee Titans,2025-09-07 20:05:00+00:00,BetMGM,Over 42.5,1.91,0.5235602094240838,totals,1.8938461538461537,1.0,favorite,americanfootball_nfl
Denver Broncos vs Tennessee Titans,2025-09-07 20:05:00+00:00,Hard Rock Bet,Over 42.5,1.91,0.5235602094240838,totals,1.8938461538461537,1.0,favorite,americanfootball_nfl
Denver Broncos vs Tennessee Titans,2025-09-07 20:05:00+00:00,BetUS,Over 42.5,1.91,0.5235602094240838,totals,1.8938461538461537,1.0,favorite,americanfootball_nfl
Denver Broncos vs Tennessee Titans,2025-09-07 20:05:00+00:00,BetRivers,Over 42.5,1.89,0.5291005291005292,totals,1.8938461538461537,1.0,favorite,americanfootball_nfl
Denver Broncos vs Tennessee Titans,2025-09-07 20:05:00+00:00,Bovada,Over 42.5,1.91,0.5235602094240838,totals,1.8938461538461537,1.0,favorite,americanfootball_nfl
Denver Broncos vs Tennessee Titans,2025-09-07 20:05:00+00:00,Fliff,Over 42.5,1.83,0.5464480874316939,totals,1.8938461538461537,1.0,favorite,americanfootball_nfl
Denver Broncos vs Tennessee Titans,2025-09-07 20:05:00+00:00,BetOnline.ag,Tennessee Titans 9.0,1.81,0.5524861878453039,spreads,1.84,1.0,favorite,americanfootball_nfl
Denver Broncos vs Tennessee Titans,2025-09-07 20:05:00+00:00,BetUS,Tennessee Titans 9.0,1.87,0.53475935828877,spreads,1.84,1.0,favorite,americanfootball_nfl
Green Bay Packers vs Detroit Lions,2025-09-07 20:25:00+00:00,LowVig.ag,Green Bay Packers,1.72,0.5813953488372093,h2h,1.6999999999999997,1.0,favorite,americanfootball_nfl
Green Bay Packers vs Detroit Lions,2025-09-07 20:25:00+00:00,BetOnline.ag,Green Bay Packers,1.72,0.5813953488372093,h2h,1.6999999999999997,1.0,favorite,americanfootball_nfl
Green Bay Packers vs Detroit Lions,2025-09-07 20:25:00+00:00,DraftKings,Green Bay Packers,1.68,0.5952380952380952,h2h,1.6999999999999997,1.0,favorite,americanfootball_nfl
Green Bay Packers vs Detroit Lions,2025-09-07 20:25:00+00:00,ESPN BET,Green Bay Packers,1.71,0.5847953216374269,h2h,1.6999999999999997,1.0,favorite,americanfootball_nfl
Green Bay Packers vs Detroit Lions,2025-09-07 20:25:00+00:00,Bally Bet,Green Bay Packers,1.7,0.5882352941176471,h2h,1.6999999999999997,1.0,favorite,americanfootball_nfl
Green Bay Packers vs Detroit Lions,2025-09-07 20:25:00+00:00,betPARX,Green Bay Packers,1.7,0.5882352941176471,h2h,1.6999999999999997,1.0,favorite,americanfootball_nfl
Green Bay Packers vs Detroit Lions,2025-09-07 20:25:00+00:00,BetRivers,Green Bay Packers,1.7,0.5882352941176471,h2h,1.6999999999999997,1.0,favorite,americanfootball_nfl
Green Bay Packers vs Detroit Lions,2025-09-07 20:25:00+00:00,BetMGM,Green Bay Packers,1.71,0.5847953216374269,h2h,1.6999999999999997,1.0,favorite,americanfootball_nfl
Green Bay Packers vs Detroit Lions,2025-09-07 20:25:00+00:00,MyBookie.ag,Green Bay Packers,1.7,0.5882352941176471,h2h,1.6999999999999997,1.0,favorite,americanfootball_nfl
Green Bay Packers vs Detroit Lions,2025-09-07 20:25:00+00:00,Hard Rock Bet,Green Bay Packers,1.69,0.591715976331361,h2h,1.6999999999999997,1.0,favorite,americanfootball_nfl
Green Bay Packers vs Detroit Lions,2025-09-07 20:25:00+00:00,BetUS,Green Bay Packers,1.71,0.5847953216374269,h2h,1.6999999999999997,1.0,favorite,americanfootball_nfl
Green Bay Packers vs Detroit Lions,2025-09-07 20:25:00+00:00,Bovada,Green Bay Packers,1.71,0.5847953216374269,h2h,1.6999999999999997,1.0,favorite,americanfootball_nfl
Green Bay Packers vs Detroit Lions,2025-09-07 20:25:00+00:00,Fliff,Green Bay Packers,1.65,0.6060606060606061,h2h,1.6999999999999997,1.0,favorite,americanfootball_nfl
Green Bay Packers vs Detroit Lions,2025-09-07 20:25:00+00:00,BetUS,Green Bay Packers -2.0,1.87,0.53475935828877,spreads,1.87,1.0,favorite,americanfootball_nfl
Green Bay Packers vs Detroit Lions,2025-09-07 20:25:00+00:00,DraftKings,Over 46.5,1.85,0.5405405405405405,totals,1.85,1.0,favorite,americanfootball_nfl
Indianapolis Colts vs Miami Dolphins,2025-09-07 17:00:00+00:00,DraftKings,Indianapolis Colts,1.89,0.5291005291005292,h2h,1.8989999999999998,1.0,favorite,americanfootball_nfl
Indianapolis Colts vs Miami Dolphins,2025-09-07 17:00:00+00:00,MyBookie.ag,Indianapolis Colts,1.88,0.5319148936170213,h2h,1.8989999999999998,1.0,favorite,americanfootball_nfl
Indianapolis Colts vs Miami Dolphins,2025-09-07 17:00:00+00:00,ESPN BET,Indianapolis Colts,1.95,0.5128205128205129,h2h,1.8989999999999998,1.0,favorite,americanfootball_nfl
Indianapolis Colts vs Miami Dolphins,2025-09-07 17:00:00+00:00,BetRivers,Indianapolis Colts,1.89,0.5291005291005292,h2h,1.8989999999999998,1.0,favorite,americanfootball_nfl
Indianapolis Colts vs Miami Dolphins,2025-09-07 17:00:00+00:00,betPARX,Indianapolis Colts,1.89,0.5291005291005292,h2h,1.8989999999999998,1.0,favorite,americanfootball_nfl
Indianapolis Colts vs Miami Dolphins,2025-09-07 17:00:00+00:00,Bally Bet,Indianapolis Colts,1.89,0.5291005291005292,h2h,1.8989999999999998,1.0,favorite,americanfootball_nfl
Indianapolis Colts vs Miami Dolphins,2025-09-07 17:00:00+00:00,Hard Rock Bet,Indianapolis Colts,1.91,0.5235602094240838,h2h,1.8989999999999998,1.0,favorite,americanfootball_nfl
Indianapolis Colts vs Miami Dolphins,2025-09-07 17:00:00+00:00,BetMGM,Indianapolis Colts,1.91,0.5235602094240838,h2h,1.8989999999999998,1.0,favorite,americanfootball_nfl
Indianapolis Colts vs Miami Dolphins,2025-09-07 17:00:00+00:00,Bovada,Indianapolis Colts,1.95,0.5128205128205129,h2h,1.8989999999999998,1.0,favorite,americanfootball_nfl
Indianapolis Colts vs Miami Dolphins,2025-09-07 17:00:00+00:00,Fliff,Indianapolis Colts,1.83,0.5464480874316939,h2h,1.8989999999999998,1.0,favorite,americanfootball_nfl
Indianapolis Colts vs Miami Dolphins,2025-09-07 17:00:00+00:00,DraftKings,Miami Dolphins 1.5,1.85,0.5405405405405405,spreads,1.8250000000000002,1.0,favorite,americanfootball_nfl
Indianapolis Colts vs Miami Dolphins,2025-09-07 17:00:00+00:00,ESPN BET,Miami Dolphins 1.5,1.8,0.5555555555555556,spreads,1.8250000000000002,1.0,favorite,americanfootball_nfl
Indianapolis Colts vs Miami Dolphins,2025-09-07 17:00:00+00:00,DraftKings,Under 47.5,1.87,0.53475935828877,totals,1.87,1.0,favorite,americanfootball_nfl
Indianapolis Colts vs Miami Dolphins,2025-09-07 17:00:00+00:00,ESPN BET,Under 47.5,1.83,0.5464480874316939,totals,1.87,1.0,favorite,americanfootball_nfl
Indianapolis Colts vs Miami Dolphins,2025-09-07 17:00:00+00:00,Bovada,Under 47.5,1.91,0.5235602094240838,totals,1.87,1.0,favorite,americanfootball_nfl
Jacksonville Jaguars vs Carolina Panthers,2025-09-07 17:00:00+00:00,DraftKings,Jacksonville Jaguars,1.56,0.641025641025641,h2h,1.5453846153846154,1.0,favorite,americanfootball_nfl
Jacksonville Jaguars vs Carolina Panthers,2025-09-07 17:00:00+00:00,LowVig.ag,Jacksonville Jaguars,1.55,0.6451612903225806,h2h,1.5453846153846154,1.0,favorite,americanfootball_nfl
Jacksonville Jaguars vs Carolina Panthers,2025-09-07 17:00:00+00:00,BetOnline.ag,Jacksonville Jaguars,1.55,0.6451612903225806,h2h,1.5453846153846154,1.0,favorite,americanfootball_nfl
Jacksonville Jaguars vs Carolina Panthers,2025-09-07 17:00:00+00:00,ESPN BET,Jacksonville Jaguars,1.51,0.6622516556291391,h2h,1.5453846153846154,1.0,favorite,americanfootball_nfl
Jacksonville Jaguars vs Carolina Panthers,2025-09-07 17:00:00+00:00,MyBookie.ag,Jacksonville Jaguars,1.54,0.6493506493506493,h2h,1.5453846153846154,1.0,favorite,americanfootball_nfl
Jacksonville Jaguars vs Carolina Panthers,2025-09-07 17:00:00+00:00,Bally Bet,Jacksonville Jaguars,1.56,0.641025641025641,h2h,1.5453846153846154,1.0,favorite,americanfootball_nfl
Jacksonville Jaguars vs Carolina Panthers,2025-09-07 17:00:00+00:00,betPARX,Jacksonville Jaguars,1.56,0.641025641025641,h2h,1.5453846153846154,1.0,favorite,americanfootball_nfl
Jacksonville Jaguars vs Carolina Panthers,2025-09-07 17:00:00+00:00,BetRivers,Jacksonville Jaguars,1.56,0.641025641025641,h2h,1.5453846153846154,1.0,favorite,americanfootball_nfl
Jacksonville Jaguars vs Carolina Panthers,2025-09-07 17:00:00+00:00,BetMGM,Jacksonville Jaguars,1.53,0.6535947712418301,h2h,1.5453846153846154,1.0,favorite,americanfootball_nfl
Jacksonville Jaguars vs Carolina Panthers,2025-09-07 17:00:00+00:00,Hard Rock Bet,Jacksonville Jaguars,1.56,0.641025641025641,h2h,1.5453846153846154,1.0,favorite,americanfootball_nfl
Jacksonville Jaguars vs Carolina Panthers,2025-09-07 17:00:00+00:00,BetUS,Jacksonville Jaguars,1.56,0.641025641025641,h2h,1.5453846153846154,1.0,favorite,americanfootball_nfl
Jacksonville Jaguars vs Carolina Panthers,2025-09-07 17:00:00+00:00,Bovada,Jacksonville Jaguars,1.57,0.6369426751592356,h2h,1.5453846153846154,1.0,favorite,americanfootball_nfl
Jacksonville Jaguars vs Carolina Panthers,2025-09-07 17:00:00+00:00,Fliff,Jacksonville Jaguars,1.48,0.6756756756756757,h2h,1.5453846153846154,1.0,favorite,americanfootball_nfl
Jacksonville Jaguars vs Carolina Panthers,2025-09-07 17:00:00+00:00,LowVig.ag,Jacksonville Jaguars -3.0,1.82,0.5494505494505494,spreads,1.8133333333333335,1.0,favorite,americanfootball_nfl
Jacksonville Jaguars vs Carolina Panthers,2025-09-07 17:00:00+00:00,BetOnline.ag,Jacksonville Jaguars -3.0,1.79,0.5586592178770949,spreads,1.8133333333333335,1.0,favorite,americanfootball_nfl
Jacksonville Jaguars vs Carolina Panthers,2025-09-07 17:00:00+00:00,Hard Rock Bet,Jacksonville Jaguars -3.0,1.83,0.5464480874316939,spreads,1.8133333333333335,1.0,favorite,americanfootball_nfl
Jacksonville Jaguars vs Carolina Panthers,2025-09-07 17:00:00+00:00,DraftKings,Over 46.5,1.91,0.5235602094240838,totals,1.905,1.0,favorite,americanfootball_nfl
Jacksonville Jaguars vs Carolina Panthers,2025-09-07 17:00:00+00:00,LowVig.ag,Over 46.5,1.93,0.5181347150259068,totals,1.905,1.0,favorite,americanfootball_nfl
Jacksonville Jaguars vs Carolina Panthers,2025-09-07 17:00:00+00:00,BetOnline.ag,Over 46.5,1.91,0.5235602094240838,totals,1.905,1.0,favorite,americanfootball_nfl
Jacksonville Jaguars vs Carolina Panthers,2025-09-07 17:00:00+00:00,ESPN BET,Over 46.5,1.95,0.5128205128205129,totals,1.905,1.0,favorite,americanfootball_nfl
Jacksonville Jaguars vs Carolina Panthers,2025-09-07 17:00:00+00:00,MyBookie.ag,Over 46.5,1.91,0.5235602094240838,totals,1.905,1.0,favorite,americanfootball_nfl
Jacksonville Jaguars vs Carolina Panthers,2025-09-07 17:00:00+00:00,Bally Bet,Over 46.5,1.91,0.5235602094240838,totals,1.905,1.0,favorite,americanfootball_nfl
Jacksonville Jaguars vs Carolina Panthers,2025-09-07 17:00:00+00:00,betPARX,Over 46.5,1.91,0.5235602094240838,totals,1.905,1.0,favorite,americanfootball_nfl
Jacksonville Jaguars vs Carolina Panthers,2025-09-07 17:00:00+00:00,BetRivers,Over 46.5,1.91,0.5235602094240838,totals,1.905,1.0,favorite,americanfootball_nfl
Jacksonville Jaguars vs Carolina Panthers,2025-09-07 17:00:00+00:00,BetMGM,Over 46.5,1.87,0.53475935828877,totals,1.905,1.0,favorite,americanfootball_nfl
Jacksonville Jaguars vs Carolina Panthers,2025-09-07 17:00:00+00:00,Hard Rock Bet,Over 46.5,1.87,0.53475935828877,totals,1.905,1.0,favorite,americanfootball_nfl
Jacksonville Jaguars vs Carolina Panthers,2025-09-07 17:00:00+00:00,BetUS,Over 46.5,1.91,0.5235602094240838,totals,1.905,1.0,favorite,americanfootball_nfl
Jacksonville Jaguars vs Carolina Panthers,2025-09-07 17:00:00+00:00,Fliff,Over 46.5,1.87,0.53475935828877,totals,1.905,1.0,favorite,americanfootball_nfl
Los Angeles Chargers vs Kansas City Chiefs,2025-09-06 00:00:00+00:00,LowVig.ag,Kansas City Chiefs,1.61,0.6211180124223602,h2h,1.5746153846153847,1.0,favorite,americanfootball_nfl
Los Angeles Chargers vs Kansas City Chiefs,2025-09-06 00:00:00+00:00,BetOnline.ag,Kansas City Chiefs,1.61,0.6211180124223602,h2h,1.5746153846153847,1.0,favorite,americanfootball_nfl
Los Angeles Chargers vs Kansas City Chiefs,2025-09-06 00:00:00+00:00,MyBookie.ag,Kansas City Chiefs,1.57,0.6369426751592356,h2h,1.5746153846153847,1.0,favorite,americanfootball_nfl
Los Angeles Chargers vs Kansas City Chiefs,2025-09-06 00:00:00+00:00,DraftKings,Kansas City Chiefs,1.59,0.6289308176100629,h2h,1.5746153846153847,1.0,favorite,americanfootball_nfl
Los Angeles Chargers vs Kansas City Chiefs,2025-09-06 00:00:00+00:00,ESPN BET,Kansas City Chiefs,1.59,0.6289308176100629,h2h,1.5746153846153847,1.0,favorite,americanfootball_nfl
Los Angeles Chargers vs Kansas City Chiefs,2025-09-06 00:00:00+00:00,BetRivers,Kansas City Chiefs,1.55,0.6451612903225806,h2h,1.5746153846153847,1.0,favorite,americanfootball_nfl
Los Angeles Chargers vs Kansas City Chiefs,2025-09-06 00:00:00+00:00,betPARX,Kansas City Chiefs,1.55,0.6451612903225806,h2h,1.5746153846153847,1.0,favorite,americanfootball_nfl
Los Angeles Chargers vs Kansas City Chiefs,2025-09-06 00:00:00+00:00,Bally Bet,Kansas City Chiefs,1.55,0.6451612903225806,h2h,1.5746153846153847,1.0,favorite,americanfootball_nfl
Los Angeles Chargers vs Kansas City Chiefs,2025-09-06 00:00:00+00:00,Hard Rock Bet,Kansas City Chiefs,1.59,0.6289308176100629,h2h,1.5746153846153847,1.0,favorite,americanfootball_nfl
Los Angeles Chargers vs Kansas City Chiefs,2025-09-06 00:00:00+00:00,BetMGM,Kansas City Chiefs,1.57,0.6369426751592356,h2h,1.5746153846153847,1.0,favorite,americanfootball_nfl
Los Angeles Chargers vs Kansas City Chiefs,2025-09-06 00:00:00+00:00,BetUS,Kansas City Chiefs,1.61,0.6211180124223602,h2h,1.5746153846153847,1.0,favorite,americanfootball_nfl
Los Angeles Chargers vs Kansas City Chiefs,2025-09-06 00:00:00+00:00,Bovada,Kansas City Chiefs,1.57,0.6369426751592356,h2h,1.5746153846153847,1.0,favorite,americanfootball_nfl
Los Angeles Chargers vs Kansas City Chiefs,2025-09-06 00:00:00+00:00,Fliff,Kansas City Chiefs,1.51,0.6622516556291391,h2h,1.5746153846153847,1.0,favorite,americanfootball_nfl
Los Angeles Chargers vs Kansas City Chiefs,2025-09-06 00:00:00+00:00,ESPN BET,Los Angeles Chargers 3.5,1.8,0.5555555555555556,spreads,1.8,1.0,favorite,americanfootball_nfl
Los Angeles Chargers vs Kansas City Chiefs,2025-09-06 00:00:00+00:00,Fliff,Los Angeles Chargers 3.5,1.8,0.5555555555555556,spreads,1.8,1.0,favorite,americanfootball_nfl
Los Angeles Chargers vs Kansas City Chiefs,2025-09-06 00:00:00+00:00,ESPN BET,Under 46.5,1.83,0.5464480874316939,totals,1.83,1.0,favorite,americanfootball_nfl
Los Angeles Rams vs Houston Texans,2025-09-07 20:25:00+00:00,ESPN BET,Houston Texans 3.5,1.77,0.5649717514124294,spreads,1.77,1.0,favorite,americanfootball_nfl
Los Angeles Rams vs Houston Texans,2025-09-07 20:25:00+00:00,LowVig.ag,Los Angeles Rams,1.65,0.6060606060606061,h2h,1.656923076923077,1.0,favorite,americanfootball_nfl
Los Angeles Rams vs Houston Texans,2025-09-07 20:25:00+00:00,BetOnline.ag,Los Angeles Rams,1.65,0.6060606060606061,h2h,1.656923076923077,1.0,favorite,americanfootball_nfl
Los Angeles Rams vs Houston Texans,2025-09-07 20:25:00+00:00,DraftKings,Los Angeles Rams,1.65,0.6060606060606061,h2h,1.656923076923077,1.0,favorite,americanfootball_nfl
Los Angeles Rams vs Houston Texans,2025-09-07 20:25:00+00:00,ESPN BET,Los Angeles Rams,1.69,0.591715976331361,h2h,1.656923076923077,1.0,favorite,americanfootball_nfl
Los Angeles Rams vs Houston Texans,2025-09-07 20:25:00+00:00,Bally Bet,Los Angeles Rams,1.67,0.5988023952095809,h2h,1.656923076923077,1.0,favorite,americanfootball_nfl
Los Angeles Rams vs Houston Texans,2025-09-07 20:25:00+00:00,betPARX,Los Angeles Rams,1.67,0.5988023952095809,h2h,1.656923076923077,1.0,favorite,americanfootball_nfl
Los Angeles Rams vs Houston Texans,2025-09-07 20:25:00+00:00,BetRivers,Los Angeles Rams,1.67,0.5988023952095809,h2h,1.656923076923077,1.0,favorite,americanfootball_nfl
Los Angeles Rams vs Houston Texans,2025-09-07 20:25:00+00:00,MyBookie.ag,Los Angeles Rams,1.62,0.6172839506172839,h2h,1.656923076923077,1.0,favorite,americanfootball_nfl
Los Angeles Rams vs Houston Texans,2025-09-07 20:25:00+00:00,BetMGM,Los Angeles Rams,1.67,0.5988023952095809,h2h,1.656923076923077,1.0,favorite,americanfootball_nfl
Los Angeles Rams vs Houston Texans,2025-09-07 20:25:00+00:00,BetUS,Los Angeles Rams,1.67,0.5988023952095809,h2h,1.656923076923077,1.0,favorite,americanfootball_nfl
Los Angeles Rams vs Houston Texans,2025-09-07 20:25:00+00:00,Hard Rock Bet,Los Angeles Rams,1.65,0.6060606060606061,h2h,1.656923076923077,1.0,favorite,americanfootball_nfl
Los Angeles Rams vs Houston Texans,2025-09-07 20:25:00+00:00,Bovada,Los Angeles Rams,1.67,0.5988023952095809,h2h,1.656923076923077,1.0,favorite,americanfootball_nfl
Los Angeles Rams vs Houston Texans,2025-09-07 20:25:00+00:00,Fliff,Los Angeles Rams,1.61,0.6211180124223602,h2h,1.656923076923077,1.0,favorite,americanfootball_nfl
Los Angeles Rams vs Houston Texans,2025-09-07 20:25:00+00:00,DraftKings,Over 43.5,1.87,0.53475935828877,totals,1.8966666666666665,1.0,favorite,americanfootball_nfl
Los Angeles Rams vs Houston Texans,2025-09-07 20:25:00+00:00,ESPN BET,Over 43.5,1.91,0.5235602094240838,totals,1.8966666666666665,1.0,favorite,americanfootball_nfl
Los Angeles Rams vs Houston Texans,2025-09-07 20:25:00+00:00,Bovada,Over 43.5,1.91,0.5235602094240838,totals,1.8966666666666665,1.0,favorite,americanfootball_nfl
New England Patriots vs Las Vegas Raiders,2025-09-07 17:00:00+00:00,Bally Bet,Las Vegas Raiders 3.0,1.85,0.5405405405405405,spreads,1.8450000000000002,1.0,favorite,americanfootball_nfl
New England Patriots vs Las Vegas Raiders,2025-09-07 17:00:00+00:00,betPARX,Las Vegas Raiders 3.0,1.85,0.5405405405405405,spreads,1.8450000000000002,1.0,favorite,americanfootball_nfl
New England Patriots vs Las Vegas Raiders,2025-09-07 17:00:00+00:00,BetRivers,Las Vegas Raiders 3.0,1.85,0.5405405405405405,spreads,1.8450000000000002,1.0,favorite,americanfootball_nfl
New England Patriots vs Las Vegas Raiders,2025-09-07 17:00:00+00:00,Bovada,Las Vegas Raiders 3.0,1.83,0.5464480874316939,spreads,1.8450000000000002,1.0,favorite,americanfootball_nfl
New England Patriots vs Las Vegas Raiders,2025-09-07 17:00:00+00:00,DraftKings,New England Patriots,1.65,0.6060606060606061,h2h,1.6784615384615384,1.0,favorite,americanfootball_nfl
New England Patriots vs Las Vegas Raiders,2025-09-07 17:00:00+00:00,LowVig.ag,New England Patriots,1.69,0.591715976331361,h2h,1.6784615384615384,1.0,favorite,americanfootball_nfl
New England Patriots vs Las Vegas Raiders,2025-09-07 17:00:00+00:00,BetOnline.ag,New England Patriots,1.69,0.591715976331361,h2h,1.6784615384615384,1.0,favorite,americanfootball_nfl
New England Patriots vs Las Vegas Raiders,2025-09-07 17:00:00+00:00,ESPN BET,New England Patriots,1.69,0.591715976331361,h2h,1.6784615384615384,1.0,favorite,americanfootball_nfl
New England Patriots vs Las Vegas Raiders,2025-09-07 17:00:00+00:00,Bally Bet,New England Patriots,1.7,0.5882352941176471,h2h,1.6784615384615384,1.0,favorite,americanfootball_nfl
New England Patriots vs Las Vegas Raiders,2025-09-07 17:00:00+00:00,betPARX,New England Patriots,1.7,0.5882352941176471,h2h,1.6784615384615384,1.0,favorite,americanfootball_nfl
New England Patriots vs Las Vegas Raiders,2025-09-07 17:00:00+00:00,BetRivers,New England Patriots,1.7,0.5882352941176471,h2h,1.6784615384615384,1.0,favorite,americanfootball_nfl
New England Patriots vs Las Vegas Raiders,2025-09-07 17:00:00+00:00,MyBookie.ag,New England Patriots,1.7,0.5882352941176471,h2h,1.6784615384615384,1.0,favorite,americanfootball_nfl
New England Patriots vs Las Vegas Raiders,2025-09-07 17:00:00+00:00,BetMGM,New England Patriots,1.71,0.5847953216374269,h2h,1.6784615384615384,1.0,favorite,americanfootball_nfl
New England Patriots vs Las Vegas Raiders,2025-09-07 17:00:00+00:00,Hard Rock Bet,New England Patriots,1.67,0.5988023952095809,h2h,1.6784615384615384,1.0,favorite,americanfootball_nfl
New England Patriots vs Las Vegas Raiders,2025-09-07 17:00:00+00:00,BetUS,New England Patriots,1.69,0.591715976331361,h2h,1.6784615384615384,1.0,favorite,americanfootball_nfl
New England Patriots vs Las Vegas Raiders,2025-09-07 17:00:00+00:00,Bovada,New England Patriots,1.62,0.6172839506172839,h2h,1.6784615384615384,1.0,favorite,americanfootball_nfl
New England Patriots vs Las Vegas Raiders,2025-09-07 17:00:00+00:00,Fliff,New England Patriots,1.61,0.6211180124223602,h2h,1.6784615384615384,1.0,favorite,americanfootball_nfl
New England Patriots vs Las Vegas Raiders,2025-09-07 17:00:00+00:00,DraftKings,Over 43.5,1.93,0.5181347150259068,totals,1.9038461538461537,1.0,favorite,americanfootball_nfl
New England Patriots vs Las Vegas Raiders,2025-09-07 17:00:00+00:00,LowVig.ag,Over 43.5,1.93,0.5181347150259068,totals,1.9038461538461537,1.0,favorite,americanfootball_nfl
New England Patriots vs Las Vegas Raiders,2025-09-07 17:00:00+00:00,BetOnline.ag,Over 43.5,1.91,0.5235602094240838,totals,1.9038461538461537,1.0,favorite,americanfootball_nfl
New England Patriots vs Las Vegas Raiders,2025-09-07 17:00:00+00:00,ESPN BET,Over 43.5,1.87,0.53475935828877,totals,1.9038461538461537,1.0,favorite,americanfootball_nfl
New England Patriots vs Las Vegas Raiders,2025-09-07 17:00:00+00:00,Bally Bet,Over 43.5,1.91,0.5235602094240838,totals,1.9038461538461537,1.0,favorite,americanfootball_nfl
New England Patriots vs Las Vegas Raiders,2025-09-07 17:00:00+00:00,betPARX,Over 43.5,1.91,0.5235602094240838,totals,1.9038461538461537,1.0,favorite,americanfootball_nfl
New England Patriots vs Las Vegas Raiders,2025-09-07 17:00:00+00:00,BetRivers,Over 43.5,1.91,0.5235602094240838,totals,1.9038461538461537,1.0,favorite,americanfootball_nfl
New England Patriots vs Las Vegas Raiders,2025-09-07 17:00:00+00:00,MyBookie.ag,Over 43.5,1.91,0.5235602094240838,totals,1.9038461538461537,1.0,favorite,americanfootball_nfl
New England Patriots vs Las Vegas Raiders,2025-09-07 17:00:00+00:00,BetMGM,Over 43.5,1.91,0.5235602094240838,totals,1.9038461538461537,1.0,favorite,americanfootball_nfl
New England Patriots vs Las Vegas Raiders,2025-09-07 17:00:00+00:00,Hard Rock Bet,Over 43.5,1.91,0.5235602094240838,totals,1.9038461538461537,1.0,favorite,americanfootball_nfl
New England Patriots vs Las Vegas Raiders,2025-09-07 17:00:00+00:00,BetUS,Over 43.5,1.91,0.5235602094240838,totals,1.9038461538461537,1.0,favorite,americanfootball_nfl
New England Patriots vs Las Vegas Raiders,2025-09-07 17:00:00+00:00,Bovada,Over 43.5,1.87,0.53475935828877,totals,1.9038461538461537,1.0,favorite,americanfootball_nfl
New England Patriots vs Las Vegas Raiders,2025-09-07 17:00:00+00:00,Fliff,Over 43.5,1.87,0.53475935828877,totals,1.9038461538461537,1.0,favorite,americanfootball_nfl
New Orleans Saints vs Arizona Cardinals,2025-09-07 17:00:00+00:00,DraftKings,Arizona Cardinals,1.35,0.7407407407407407,h2h,1.3453846153846156,1.0,favorite,americanfootball_nfl
New Orleans Saints vs Arizona Cardinals,2025-09-07 17:00:00+00:00,LowVig.ag,Arizona Cardinals,1.36,0.7352941176470588,h2h,1.3453846153846156,1.0,favorite,americanfootball_nfl
New Orleans Saints vs Arizona Cardinals,2025-09-07 17:00:00+00:00,BetOnline.ag,Arizona Cardinals,1.36,0.7352941176470588,h2h,1.3453846153846156,1.0,favorite,americanfootball_nfl
New Orleans Saints vs Arizona Cardinals,2025-09-07 17:00:00+00:00,ESPN BET,Arizona Cardinals,1.34,0.7462686567164178,h2h,1.3453846153846156,1.0,favorite,americanfootball_nfl
New Orleans Saints vs Arizona Cardinals,2025-09-07 17:00:00+00:00,MyBookie.ag,Arizona Cardinals,1.33,0.7518796992481203,h2h,1.3453846153846156,1.0,favorite,americanfootball_nfl
New Orleans Saints vs Arizona Cardinals,2025-09-07 17:00:00+00:00,BetRivers,Arizona Cardinals,1.35,0.7407407407407407,h2h,1.3453846153846156,1.0,favorite,americanfootball_nfl
New Orleans Saints vs Arizona Cardinals,2025-09-07 17:00:00+00:00,betPARX,Arizona Cardinals,1.35,0.7407407407407407,h2h,1.3453846153846156,1.0,favorite,americanfootball_nfl
New Orleans Saints vs Arizona Cardinals,2025-09-07 17:00:00+00:00,Bally Bet,Arizona Cardinals,1.35,0.7407407407407407,h2h,1.3453846153846156,1.0,favorite,americanfootball_nfl
New Orleans Saints vs Arizona Cardinals,2025-09-07 17:00:00+00:00,Hard Rock Bet,Arizona Cardinals,1.36,0.7352941176470588,h2h,1.3453846153846156,1.0,favorite,americanfootball_nfl
New Orleans Saints vs Arizona Cardinals,2025-09-07 17:00:00+00:00,BetMGM,Arizona Cardinals,1.33,0.7518796992481203,h2h,1.3453846153846156,1.0,favorite,americanfootball_nfl
New Orleans Saints vs Arizona Cardinals,2025-09-07 17:00:00+00:00,BetUS,Arizona Cardinals,1.36,0.7352941176470588,h2h,1.3453846153846156,1.0,favorite,americanfootball_nfl
New Orleans Saints vs Arizona Cardinals,2025-09-07 17:00:00+00:00,Bovada,Arizona Cardinals,1.35,0.7407407407407407,h2h,1.3453846153846156,1.0,favorite,americanfootball_nfl
New Orleans Saints vs Arizona Cardinals,2025-09-07 17:00:00+00:00,Fliff,Arizona Cardinals,1.3,0.7692307692307692,h2h,1.3453846153846156,1.0,favorite,americanfootball_nfl
New Orleans Saints vs Arizona Cardinals,2025-09-07 17:00:00+00:00,DraftKings,Arizona Cardinals -6.5,1.91,0.5235602094240838,spreads,1.905,1.0,favorite,americanfootball_nfl
New Orleans Saints vs Arizona Cardinals,2025-09-07 17:00:00+00:00,LowVig.ag,Arizona Cardinals -6.5,1.95,0.5128205128205129,spreads,1.905,1.0,favorite,americanfootball_nfl
New Orleans Saints vs Arizona Cardinals,2025-09-07 17:00:00+00:00,BetOnline.ag,Arizona Cardinals -6.5,1.91,0.5235602094240838,spreads,1.905,1.0,favorite,americanfootball_nfl
New Orleans Saints vs Arizona Cardinals,2025-09-07 17:00:00+00:00,ESPN BET,Arizona Cardinals -6.5,1.91,0.5235602094240838,spreads,1.905,1.0,favorite,americanfootball_nfl
New Orleans Saints vs Arizona Cardinals,2025-09-07 17:00:00+00:00,MyBookie.ag,Arizona Cardinals -6.5,1.91,0.5235602094240838,spreads,1.905,1.0,favorite,americanfootball_nfl
New Orleans Saints vs Arizona Cardinals,2025-09-07 17:00:00+00:00,BetRivers,Arizona Cardinals -6.5,1.89,0.5291005291005292,spreads,1.905,1.0,favorite,americanfootball_nfl
New Orleans Saints vs Arizona Cardinals,2025-09-07 17:00:00+00:00,betPARX,Arizona Cardinals -6.5,1.89,0.5291005291005292,spreads,1.905,1.0,favorite,americanfootball_nfl
New Orleans Saints vs Arizona Cardinals,2025-09-07 17:00:00+00:00,Bally Bet,Arizona Cardinals -6.5,1.89,0.5291005291005292,spreads,1.905,1.0,favorite,americanfootball_nfl
New Orleans Saints vs Arizona Cardinals,2025-09-07 17:00:00+00:00,BetMGM,Arizona Cardinals -6.5,1.91,0.5235602094240838,spreads,1.905,1.0,favorite,americanfootball_nfl
New Orleans Saints vs Arizona Cardinals,2025-09-07 17:00:00+00:00,BetUS,Arizona Cardinals -6.5,1.91,0.5235602094240838,spreads,1.905,1.0,favorite,americanfootball_nfl
New Orleans Saints vs Arizona Cardinals,2025-09-07 17:00:00+00:00,Bovada,Arizona Cardinals -6.5,1.91,0.5235602094240838,spreads,1.905,1.0,favorite,americanfootball_nfl
New Orleans Saints vs Arizona Cardinals,2025-09-07 17:00:00+00:00,Fliff,Arizona Cardinals -6.5,1.87,0.53475935828877,spreads,1.905,1.0,favorite,americanfootball_nfl
New Orleans Saints vs Arizona Cardinals,2025-09-07 17:00:00+00:00,DraftKings,Under 43.5,1.87,0.53475935828877,totals,1.888,1.0,favorite,americanfootball_nfl
New Orleans Saints vs Arizona Cardinals,2025-09-07 17:00:00+00:00,LowVig.ag,Under 43.5,1.93,0.5181347150259068,totals,1.888,1.0,favorite,americanfootball_nfl
New Orleans Saints vs Arizona Cardinals,2025-09-07 17:00:00+00:00,BetOnline.ag,Under 43.5,1.9,0.5263157894736842,totals,1.888,1.0,favorite,americanfootball_nfl
New Orleans Saints vs Arizona Cardinals,2025-09-07 17:00:00+00:00,ESPN BET,Under 43.5,1.83,0.5464480874316939,totals,1.888,1.0,favorite,americanfootball_nfl
New Orleans Saints vs Arizona Cardinals,2025-09-07 17:00:00+00:00,BetUS,Under 43.5,1.91,0.5235602094240838,totals,1.888,1.0,favorite,americanfootball_nfl
New York Jets vs Pittsburgh Steelers,2025-09-07 17:00:00+00:00,DraftKings,New York Jets 3.0,1.85,0.5405405405405405,spreads,1.84,1.0,favorite,americanfootball_nfl
New York Jets vs Pittsburgh Steelers,2025-09-07 17:00:00+00:00,MyBookie.ag,New York Jets 3.0,1.83,0.5464480874316939,spreads,1.84,1.0,favorite,americanfootball_nfl
New York Jets vs Pittsburgh Steelers,2025-09-07 17:00:00+00:00,BetMGM,New York Jets 3.0,1.85,0.5405405405405405,spreads,1.84,1.0,favorite,americanfootball_nfl
New York Jets vs Pittsburgh Steelers,2025-09-07 17:00:00+00:00,BetUS,New York Jets 3.0,1.83,0.5464480874316939,spreads,1.84,1.0,favorite,americanfootball_nfl
New York Jets vs Pittsburgh Steelers,2025-09-07 17:00:00+00:00,DraftKings,Pittsburgh Steelers,1.65,0.6060606060606061,h2h,1.676153846153846,1.0,favorite,americanfootball_nfl
New York Jets vs Pittsburgh Steelers,2025-09-07 17:00:00+00:00,LowVig.ag,Pittsburgh Steelers,1.68,0.5952380952380952,h2h,1.676153846153846,1.0,favorite,americanfootball_nfl
New York Jets vs Pittsburgh Steelers,2025-09-07 17:00:00+00:00,BetOnline.ag,Pittsburgh Steelers,1.68,0.5952380952380952,h2h,1.676153846153846,1.0,favorite,americanfootball_nfl
New York Jets vs Pittsburgh Steelers,2025-09-07 17:00:00+00:00,MyBookie.ag,Pittsburgh Steelers,1.66,0.6024096385542169,h2h,1.676153846153846,1.0,favorite,americanfootball_nfl
New York Jets vs Pittsburgh Steelers,2025-09-07 17:00:00+00:00,ESPN BET,Pittsburgh Steelers,1.67,0.5988023952095809,h2h,1.676153846153846,1.0,favorite,americanfootball_nfl
New York Jets vs Pittsburgh Steelers,2025-09-07 17:00:00+00:00,BetRivers,Pittsburgh Steelers,1.72,0.5813953488372093,h2h,1.676153846153846,1.0,favorite,americanfootball_nfl
New York Jets vs Pittsburgh Steelers,2025-09-07 17:00:00+00:00,betPARX,Pittsburgh Steelers,1.72,0.5813953488372093,h2h,1.676153846153846,1.0,favorite,americanfootball_nfl
New York Jets vs Pittsburgh Steelers,2025-09-07 17:00:00+00:00,Bally Bet,Pittsburgh Steelers,1.72,0.5813953488372093,h2h,1.676153846153846,1.0,favorite,americanfootball_nfl
New York Jets vs Pittsburgh Steelers,2025-09-07 17:00:00+00:00,BetMGM,Pittsburgh Steelers,1.67,0.5988023952095809,h2h,1.676153846153846,1.0,favorite,americanfootball_nfl
New York Jets vs Pittsburgh Steelers,2025-09-07 17:00:00+00:00,Hard Rock Bet,Pittsburgh Steelers,1.67,0.5988023952095809,h2h,1.676153846153846,1.0,favorite,americanfootball_nfl
New York Jets vs Pittsburgh Steelers,2025-09-07 17:00:00+00:00,BetUS,Pittsburgh Steelers,1.67,0.5988023952095809,h2h,1.676153846153846,1.0,favorite,americanfootball_nfl
New York Jets vs Pittsburgh Steelers,2025-09-07 17:00:00+00:00,Bovada,Pittsburgh Steelers,1.67,0.5988023952095809,h2h,1.676153846153846,1.0,favorite,americanfootball_nfl
New York Jets vs Pittsburgh Steelers,2025-09-07 17:00:00+00:00,Fliff,Pittsburgh Steelers,1.61,0.6211180124223602,h2h,1.676153846153846,1.0,favorite,americanfootball_nfl
New York Jets vs Pittsburgh Steelers,2025-09-07 17:00:00+00:00,DraftKings,Under 38.5,1.89,0.5291005291005292,totals,1.8914285714285715,1.0,favorite,americanfootball_nfl
New York Jets vs Pittsburgh Steelers,2025-09-07 17:00:00+00:00,LowVig.ag,Under 38.5,1.88,0.5319148936170213,totals,1.8914285714285715,1.0,favorite,americanfootball_nfl
New York Jets vs Pittsburgh Steelers,2025-09-07 17:00:00+00:00,BetOnline.ag,Under 38.5,1.87,0.53475935828877,totals,1.8914285714285715,1.0,favorite,americanfootball_nfl
New York Jets vs Pittsburgh Steelers,2025-09-07 17:00:00+00:00,MyBookie.ag,Under 38.5,1.91,0.5235602094240838,totals,1.8914285714285715,1.0,favorite,americanfootball_nfl
New York Jets vs Pittsburgh Steelers,2025-09-07 17:00:00+00:00,ESPN BET,Under 38.5,1.87,0.53475935828877,totals,1.8914285714285715,1.0,favorite,americanfootball_nfl
New York Jets vs Pittsburgh Steelers,2025-09-07 17:00:00+00:00,Hard Rock Bet,Under 38.5,1.91,0.5235602094240838,totals,1.8914285714285715,1.0,favorite,americanfootball_nfl
New York Jets vs Pittsburgh Steelers,2025-09-07 17:00:00+00:00,Bovada,Under 38.5,1.91,0.5235602094240838,totals,1.8914285714285715,1.0,favorite,americanfootball_nfl
Philadelphia Eagles vs Dallas Cowboys,2025-09-05 00:20:00+00:00,BetUS,Dallas Cowboys 9.0,1.83,0.5464480874316939,spreads,1.83,1.0,favorite,americanfootball_nfl
Philadelphia Eagles vs Dallas Cowboys,2025-09-05 00:20:00+00:00,DraftKings,Over 47.5,1.91,0.5235602094240838,totals,1.9046153846153844,1.0,favorite,americanfootball_nfl
Philadelphia Eagles vs Dallas Cowboys,2025-09-05 00:20:00+00:00,Bally Bet,Over 47.5,1.92,0.5208333333333334,totals,1.9046153846153844,1.0,favorite,americanfootball_nfl
Philadelphia Eagles vs Dallas Cowboys,2025-09-05 00:20:00+00:00,LowVig.ag,Over 47.5,1.93,0.5181347150259068,totals,1.9046153846153844,1.0,favorite,americanfootball_nfl
Philadelphia Eagles vs Dallas Cowboys,2025-09-05 00:20:00+00:00,BetOnline.ag,Over 47.5,1.91,0.5235602094240838,totals,1.9046153846153844,1.0,favorite,americanfootball_nfl
Philadelphia Eagles vs Dallas Cowboys,2025-09-05 00:20:00+00:00,MyBookie.ag,Over 47.5,1.91,0.5235602094240838,totals,1.9046153846153844,1.0,favorite,americanfootball_nfl
Philadelphia Eagles vs Dallas Cowboys,2025-09-05 00:20:00+00:00,betPARX,Over 47.5,1.92,0.5208333333333334,totals,1.9046153846153844,1.0,favorite,americanfootball_nfl
Philadelphia Eagles vs Dallas Cowboys,2025-09-05 00:20:00+00:00,Hard Rock Bet,Over 47.5,1.91,0.5235602094240838,totals,1.9046153846153844,1.0,favorite,americanfootball_nfl
Philadelphia Eagles vs Dallas Cowboys,2025-09-05 00:20:00+00:00,ESPN BET,Over 47.5,1.91,0.5235602094240838,totals,1.9046153846153844,1.0,favorite,americanfootball_nfl
Philadelphia Eagles vs Dallas Cowboys,2025-09-05 00:20:00+00:00,BetMGM,Over 47.5,1.91,0.5235602094240838,totals,1.9046153846153844,1.0,favorite,americanfootball_nfl
Philadelphia Eagles vs Dallas Cowboys,2025-09-05 00:20:00+00:00,BetRivers,Over 47.5,1.92,0.5208333333333334,totals,1.9046153846153844,1.0,favorite,americanfootball_nfl
Philadelphia Eagles vs Dallas Cowboys,2025-09-05 00:20:00+00:00,BetUS,Over 47.5,1.91,0.5235602094240838,totals,1.9046153846153844,1.0,favorite,americanfootball_nfl
Philadelphia Eagles vs Dallas Cowboys,2025-09-05 00:20:00+00:00,Bovada,Over 47.5,1.87,0.53475935828877,totals,1.9046153846153844,1.0,favorite,americanfootball_nfl
Philadelphia Eagles vs Dallas Cowboys,2025-09-05 00:20:00+00:00,Fliff,Over 47.5,1.83,0.5464480874316939,totals,1.9046153846153844,1.0,favorite,americanfootball_nfl
Philadelphia Eagles vs Dallas Cowboys,2025-09-05 00:20:00+00:00,DraftKings,Philadelphia Eagles,1.25,0.8,h2h,1.23,1.0,favorite,americanfootball_nfl
Philadelphia Eagles vs Dallas Cowboys,2025-09-05 00:20:00+00:00,Bally Bet,Philadelphia Eagles,1.22,0.819672131147541,h2h,1.23,1.0,favorite,americanfootball_nfl
Philadelphia Eagles vs Dallas Cowboys,2025-09-05 00:20:00+00:00,LowVig.ag,Philadelphia Eagles,1.22,0.819672131147541,h2h,1.23,1.0,favorite,americanfootball_nfl
Philadelphia Eagles vs Dallas Cowboys,2025-09-05 00:20:00+00:00,BetOnline.ag,Philadelphia Eagles,1.22,0.819672131147541,h2h,1.23,1.0,favorite,americanfootball_nfl
Philadelphia Eagles vs Dallas Cowboys,2025-09-05 00:20:00+00:00,MyBookie.ag,Philadelphia Eagles,1.24,0.8064516129032259,h2h,1.23,1.0,favorite,americanfootball_nfl
Philadelphia Eagles vs Dallas Cowboys,2025-09-05 00:20:00+00:00,betPARX,Philadelphia Eagles,1.22,0.819672131147541,h2h,1.23,1.0,favorite,americanfootball_nfl
Philadelphia Eagles vs Dallas Cowboys,2025-09-05 00:20:00+00:00,Hard Rock Bet,Philadelphia Eagles,1.25,0.8,h2h,1.23,1.0,favorite,americanfootball_nfl
Philadelphia Eagles vs Dallas Cowboys,2025-09-05 00:20:00+00:00,ESPN BET,Philadelphia Eagles,1.24,0.8064516129032259,h2h,1.23,1.0,favorite,americanfootball_nfl
Philadelphia Eagles vs Dallas Cowboys,2025-09-05 00:20:00+00:00,BetMGM,Philadelphia Eagles,1.24,0.8064516129032259,h2h,1.23,1.0,favorite,americanfootball_nfl
Philadelphia Eagles vs Dallas Cowboys,2025-09-05 00:20:00+00:00,BetRivers,Philadelphia Eagles,1.22,0.819672131147541,h2h,1.23,1.0,favorite,americanfootball_nfl
Philadelphia Eagles vs Dallas Cowboys,2025-09-05 00:20:00+00:00,BetUS,Philadelphia Eagles,1.22,0.819672131147541,h2h,1.23,1.0,favorite,americanfootball_nfl
Philadelphia Eagles vs Dallas Cowboys,2025-09-05 00:20:00+00:00,Bovada,Philadelphia Eagles,1.22,0.819672131147541,h2h,1.23,1.0,favorite,americanfootball_nfl
Philadelphia Eagles vs Dallas Cowboys,2025-09-05 00:20:00+00:00,Fliff,Philadelphia Eagles,1.23,0.8130081300813008,h2h,1.23,1.0,favorite,americanfootball_nfl
Seattle Seahawks vs San Francisco 49ers,2025-09-07 20:05:00+00:00,ESPN BET,Over 42.5,1.83,0.5464480874316939,totals,1.83,1.0,favorite,americanfootball_nfl
Seattle Seahawks vs San Francisco 49ers,2025-09-07 20:05:00+00:00,LowVig.ag,San Francisco 49ers,1.74,0.5747126436781609,h2h,1.7353846153846153,1.0,favorite,americanfootball_nfl
Seattle Seahawks vs San Francisco 49ers,2025-09-07 20:05:00+00:00,BetOnline.ag,San Francisco 49ers,1.74,0.5747126436781609,h2h,1.7353846153846153,1.0,favorite,americanfootball_nfl
Seattle Seahawks vs San Francisco 49ers,2025-09-07 20:05:00+00:00,DraftKings,San Francisco 49ers,1.74,0.5747126436781609,h2h,1.7353846153846153,1.0,favorite,americanfootball_nfl
Seattle Seahawks vs San Francisco 49ers,2025-09-07 20:05:00+00:00,ESPN BET,San Francisco 49ers,1.74,0.5747126436781609,h2h,1.7353846153846153,1.0,favorite,americanfootball_nfl
Seattle Seahawks vs San Francisco 49ers,2025-09-07 20:05:00+00:00,MyBookie.ag,San Francisco 49ers,1.75,0.5714285714285714,h2h,1.7353846153846153,1.0,favorite,americanfootball_nfl
Seattle Seahawks vs San Francisco 49ers,2025-09-07 20:05:00+00:00,BetRivers,San Francisco 49ers,1.75,0.5714285714285714,h2h,1.7353846153846153,1.0,favorite,americanfootball_nfl
Seattle Seahawks vs San Francisco 49ers,2025-09-07 20:05:00+00:00,betPARX,San Francisco 49ers,1.75,0.5714285714285714,h2h,1.7353846153846153,1.0,favorite,americanfootball_nfl
Seattle Seahawks vs San Francisco 49ers,2025-09-07 20:05:00+00:00,Bally Bet,San Francisco 49ers,1.75,0.5714285714285714,h2h,1.7353846153846153,1.0,favorite,americanfootball_nfl
Seattle Seahawks vs San Francisco 49ers,2025-09-07 20:05:00+00:00,BetMGM,San Francisco 49ers,1.74,0.5747126436781609,h2h,1.7353846153846153,1.0,favorite,americanfootball_nfl
Seattle Seahawks vs San Francisco 49ers,2025-09-07 20:05:00+00:00,Hard Rock Bet,San Francisco 49ers,1.74,0.5747126436781609,h2h,1.7353846153846153,1.0,favorite,americanfootball_nfl
Seattle Seahawks vs San Francisco 49ers,2025-09-07 20:05:00+00:00,BetUS,San Francisco 49ers,1.74,0.5747126436781609,h2h,1.7353846153846153,1.0,favorite,americanfootball_nfl
Seattle Seahawks vs San Francisco 49ers,2025-09-07 20:05:00+00:00,Bovada,San Francisco 49ers,1.71,0.5847953216374269,h2h,1.7353846153846153,1.0,favorite,americanfootball_nfl
Seattle Seahawks vs San Francisco 49ers,2025-09-07 20:05:00+00:00,Fliff,San Francisco 49ers,1.67,0.5988023952095809,h2h,1.7353846153846153,1.0,favorite,americanfootball_nfl
Seattle Seahawks vs San Francisco 49ers,2025-09-07 20:05:00+00:00,MyBookie.ag,San Francisco 49ers -2.0,1.91,0.5235602094240838,spreads,1.8833333333333335,1.0,favorite,americanfootball_nfl
Seattle Seahawks vs San Francisco 49ers,2025-09-07 20:05:00+00:00,BetUS,San Francisco 49ers -2.0,1.91,0.5235602094240838,spreads,1.8833333333333335,1.0,favorite,americanfootball_nfl
Seattle Seahawks vs San Francisco 49ers,2025-09-07 20:05:00+00:00,Fliff,San Francisco 49ers -2.0,1.83,0.5464480874316939,spreads,1.8833333333333335,1.0,favorite,americanfootball_nfl
Washington Commanders vs New York Giants,2025-09-07 17:00:00+00:00,LowVig.ag,Over 45.5,1.93,0.5181347150259068,totals,1.8990909090909092,1.0,favorite,americanfootball_nfl
Washington Commanders vs New York Giants,2025-09-07 17:00:00+00:00,BetOnline.ag,Over 45.5,1.91,0.5235602094240838,totals,1.8990909090909092,1.0,favorite,americanfootball_nfl
Washington Commanders vs New York Giants,2025-09-07 17:00:00+00:00,DraftKings,Over 45.5,1.89,0.5291005291005292,totals,1.8990909090909092,1.0,favorite,americanfootball_nfl
Washington Commanders vs New York Giants,2025-09-07 17:00:00+00:00,ESPN BET,Over 45.5,1.91,0.5235602094240838,totals,1.8990909090909092,1.0,favorite,americanfootball_nfl
Washington Commanders vs New York Giants,2025-09-07 17:00:00+00:00,BetRivers,Over 45.5,1.91,0.5235602094240838,totals,1.8990909090909092,1.0,favorite,americanfootball_nfl
Washington Commanders vs New York Giants,2025-09-07 17:00:00+00:00,betPARX,Over 45.5,1.91,0.5235602094240838,totals,1.8990909090909092,1.0,favorite,americanfootball_nfl
Washington Commanders vs New York Giants,2025-09-07 17:00:00+00:00,Bally Bet,Over 45.5,1.91,0.5235602094240838,totals,1.8990909090909092,1.0,favorite,americanfootball_nfl
Washington Commanders vs New York Giants,2025-09-07 17:00:00+00:00,BetMGM,Over 45.5,1.87,0.53475935828877,totals,1.8990909090909092,1.0,favorite,americanfootball_nfl
Washington Commanders vs New York Giants,2025-09-07 17:00:00+00:00,BetUS,Over 45.5,1.91,0.5235602094240838,totals,1.8990909090909092,1.0,favorite,americanfootball_nfl
Washington Commanders vs New York Giants,2025-09-07 17:00:00+00:00,Bovada,Over 45.5,1.91,0.5235602094240838,totals,1.8990909090909092,1.0,favorite,americanfootball_nfl
Washington Commanders vs New York Giants,2025-09-07 17:00:00+00:00,Fliff,Over 45.5,1.83,0.5464480874316939,totals,1.8990909090909092,1.0,favorite,americanfootball_nfl
Washington Commanders vs New York Giants,2025-09-07 17:00:00+00:00,LowVig.ag,Washington Commanders,1.39,0.7194244604316548,h2h,1.3699999999999999,1.0,favorite,americanfootball_nfl
Washington Commanders vs New York Giants,2025-09-07 17:00:00+00:00,BetOnline.ag,Washington Commanders,1.39,0.7194244604316548,h2h,1.3699999999999999,1.0,favorite,americanfootball_nfl
Washington Commanders vs New York Giants,2025-09-07 17:00:00+00:00,DraftKings,Washington Commanders,1.38,0.7246376811594204,h2h,1.3699999999999999,1.0,favorite,americanfootball_nfl
Washington Commanders vs New York Giants,2025-09-07 17:00:00+00:00,ESPN BET,Washington Commanders,1.38,0.7246376811594204,h2h,1.3699999999999999,1.0,favorite,americanfootball_nfl
Washington Commanders vs New York Giants,2025-09-07 17:00:00+00:00,MyBookie.ag,Washington Commanders,1.37,0.7299270072992701,h2h,1.3699999999999999,1.0,favorite,americanfootball_nfl
Washington Commanders vs New York Giants,2025-09-07 17:00:00+00:00,BetRivers,Washington Commanders,1.36,0.7352941176470588,h2h,1.3699999999999999,1.0,favorite,americanfootball_nfl
Washington Commanders vs New York Giants,2025-09-07 17:00:00+00:00,betPARX,Washington Commanders,1.36,0.7352941176470588,h2h,1.3699999999999999,1.0,favorite,americanfootball_nfl
Washington Commanders vs New York Giants,2025-09-07 17:00:00+00:00,Bally Bet,Washington Commanders,1.36,0.7352941176470588,h2h,1.3699999999999999,1.0,favorite,americanfootball_nfl
Washington Commanders vs New York Giants,2025-09-07 17:00:00+00:00,BetMGM,Washington Commanders,1.36,0.7352941176470588,h2h,1.3699999999999999,1.0,favorite,americanfootball_nfl
Washington Commanders vs New York Giants,2025-09-07 17:00:00+00:00,Hard Rock Bet,Washington Commanders,1.38,0.7246376811594204,h2h,1.3699999999999999,1.0,favorite,americanfootball_nfl
Washington Commanders vs New York Giants,2025-09-07 17:00:00+00:00,BetUS,Washington Commanders,1.38,0.7246376811594204,h2h,1.3699999999999999,1.0,favorite,americanfootball_nfl
Washington Commanders vs New York Giants,2025-09-07 17:00:00+00:00,Bovada,Washington Commanders,1.37,0.7299270072992701,h2h,1.3699999999999999,1.0,favorite,americanfootball_nfl
Washington Commanders vs New York Giants,2025-09-07 17:00:00+00:00,Fliff,Washington Commanders,1.33,0.7518796992481203,h2h,1.3699999999999999,1.0,favorite,americanfootball_nfl
Washington Commanders vs New York Giants,2025-09-07 17:00:00+00:00,Hard Rock Bet,Washington Commanders -5.0,1.87,0.53475935828877,spreads,1.87,1.0,favorite,americanfootball_nfl
