fight,commence_time,bookmaker,fighter,decimal_odds,implied_prob,avg_decimal,rank,role
An Tuan Ho vs Eduardo Henrique,2025-09-03 00:40:00+00:00,BetOnline.ag,An Tuan Ho,2.15,0.46511627906976744,2.0999999999999996,3.0,underdog
An Tuan Ho vs Eduardo Henrique,2025-09-03 00:40:00+00:00,BetAnySports,An Tuan Ho,2.05,0.48780487804878053,2.0999999999999996,3.0,underdog
An Tuan Ho vs Eduardo Henrique,2025-09-03 00:40:00+00:00,BetOnline.ag,Eduardo Henrique,1.74,0.5747126436781609,1.74,2.0,underdog
An Tuan Ho vs Eduardo Henrique,2025-09-03 00:40:00+00:00,BetAnySports,Eduardo Henrique,1.74,0.5747126436781609,1.74,2.0,underdog
An Tuan Ho vs Eduardo Henrique,2025-09-03 00:40:00+00:00,BetOnline.ag,Over 2.5,2.49,0.4016064257028112,2.4450000000000003,4.0,underdog
An Tuan Ho vs Eduardo Henrique,2025-09-03 00:40:00+00:00,BetAnySports,Over 2.5,2.4,0.4166666666666667,2.4450000000000003,4.0,underdog
An Tuan Ho vs Eduardo Henrique,2025-09-03 00:40:00+00:00,BetOnline.ag,Under 2.5,1.59,0.6289308176100629,1.59,1.0,favorite
An Tuan Ho vs Eduardo Henrique,2025-09-03 00:40:00+00:00,BetAnySports,Under 2.5,1.59,0.6289308176100629,1.59,1.0,favorite
Andreas Gustafsson Berg vs Rinat Fakhretdinov,2025-09-06 18:15:00+00:00,BetOnline.ag,Andreas Gustafsson Berg,1.83,0.5464480874316939,1.827,2.0,underdog
Andreas Gustafsson Berg vs Rinat Fakhretdinov,2025-09-06 18:15:00+00:00,Fliff,Andreas Gustafsson Berg,1.77,0.5649717514124294,1.827,2.0,underdog
Andreas Gustafsson Berg vs Rinat Fakhretdinov,2025-09-06 18:15:00+00:00,DraftKings,Andreas Gustafsson Berg,1.85,0.5405405405405405,1.827,2.0,underdog
Andreas Gustafsson Berg vs Rinat Fakhretdinov,2025-09-06 18:15:00+00:00,BetUS,Andreas Gustafsson Berg,1.83,0.5464480874316939,1.827,2.0,underdog
Andreas Gustafsson Berg vs Rinat Fakhretdinov,2025-09-06 18:15:00+00:00,Bally Bet,Andreas Gustafsson Berg,1.83,0.5464480874316939,1.827,2.0,underdog
Andreas Gustafsson Berg vs Rinat Fakhretdinov,2025-09-06 18:15:00+00:00,betPARX,Andreas Gustafsson Berg,1.83,0.5464480874316939,1.827,2.0,underdog
Andreas Gustafsson Berg vs Rinat Fakhretdinov,2025-09-06 18:15:00+00:00,BetRivers,Andreas Gustafsson Berg,1.83,0.5464480874316939,1.827,2.0,underdog
Andreas Gustafsson Berg vs Rinat Fakhretdinov,2025-09-06 18:15:00+00:00,ESPN BET,Andreas Gustafsson Berg,1.8,0.5555555555555556,1.827,2.0,underdog
Andreas Gustafsson Berg vs Rinat Fakhretdinov,2025-09-06 18:15:00+00:00,FanDuel,Andreas Gustafsson Berg,1.83,0.5464480874316939,1.827,2.0,underdog
Andreas Gustafsson Berg vs Rinat Fakhretdinov,2025-09-06 18:15:00+00:00,BetAnySports,Andreas Gustafsson Berg,1.87,0.53475935828877,1.827,2.0,underdog
Andreas Gustafsson Berg vs Rinat Fakhretdinov,2025-09-06 18:15:00+00:00,BetOnline.ag,Over 2.5,1.49,0.6711409395973155,1.4966666666666668,1.0,favorite
Andreas Gustafsson Berg vs Rinat Fakhretdinov,2025-09-06 18:15:00+00:00,DraftKings,Over 2.5,1.51,0.6622516556291391,1.4966666666666668,1.0,favorite
Andreas Gustafsson Berg vs Rinat Fakhretdinov,2025-09-06 18:15:00+00:00,BetUS,Over 2.5,1.49,0.6711409395973155,1.4966666666666668,1.0,favorite
Andreas Gustafsson Berg vs Rinat Fakhretdinov,2025-09-06 18:15:00+00:00,BetOnline.ag,Rinat Fakhretdinov,2.0,0.5,1.9629999999999999,3.0,underdog
Andreas Gustafsson Berg vs Rinat Fakhretdinov,2025-09-06 18:15:00+00:00,Fliff,Rinat Fakhretdinov,1.91,0.5235602094240838,1.9629999999999999,3.0,underdog
Andreas Gustafsson Berg vs Rinat Fakhretdinov,2025-09-06 18:15:00+00:00,DraftKings,Rinat Fakhretdinov,1.98,0.5050505050505051,1.9629999999999999,3.0,underdog
Andreas Gustafsson Berg vs Rinat Fakhretdinov,2025-09-06 18:15:00+00:00,BetUS,Rinat Fakhretdinov,2.0,0.5,1.9629999999999999,3.0,underdog
Andreas Gustafsson Berg vs Rinat Fakhretdinov,2025-09-06 18:15:00+00:00,Bally Bet,Rinat Fakhretdinov,1.96,0.5102040816326531,1.9629999999999999,3.0,underdog
Andreas Gustafsson Berg vs Rinat Fakhretdinov,2025-09-06 18:15:00+00:00,betPARX,Rinat Fakhretdinov,1.96,0.5102040816326531,1.9629999999999999,3.0,underdog
Andreas Gustafsson Berg vs Rinat Fakhretdinov,2025-09-06 18:15:00+00:00,BetRivers,Rinat Fakhretdinov,1.96,0.5102040816326531,1.9629999999999999,3.0,underdog
Andreas Gustafsson Berg vs Rinat Fakhretdinov,2025-09-06 18:15:00+00:00,ESPN BET,Rinat Fakhretdinov,2.05,0.48780487804878053,1.9629999999999999,3.0,underdog
Andreas Gustafsson Berg vs Rinat Fakhretdinov,2025-09-06 18:15:00+00:00,FanDuel,Rinat Fakhretdinov,1.94,0.5154639175257733,1.9629999999999999,3.0,underdog
Andreas Gustafsson Berg vs Rinat Fakhretdinov,2025-09-06 18:15:00+00:00,BetAnySports,Rinat Fakhretdinov,1.87,0.53475935828877,1.9629999999999999,3.0,underdog
Andreas Gustafsson Berg vs Rinat Fakhretdinov,2025-09-06 18:15:00+00:00,BetOnline.ag,Under 2.5,2.77,0.36101083032490977,2.6566666666666667,4.0,underdog
Andreas Gustafsson Berg vs Rinat Fakhretdinov,2025-09-06 18:15:00+00:00,DraftKings,Under 2.5,2.5,0.4,2.6566666666666667,4.0,underdog
Andreas Gustafsson Berg vs Rinat Fakhretdinov,2025-09-06 18:15:00+00:00,BetUS,Under 2.5,2.7,0.37037037037037035,2.6566666666666667,4.0,underdog
Benoit Saint-Denis vs Mauricio Ruffy,2025-09-06 21:15:00+00:00,BetOnline.ag,Benoit Saint-Denis,2.7,0.37037037037037035,2.6663636363636365,4.0,underdog
Benoit Saint-Denis vs Mauricio Ruffy,2025-09-06 21:15:00+00:00,BetMGM,Benoit Saint-Denis,2.7,0.37037037037037035,2.6663636363636365,4.0,underdog
Benoit Saint-Denis vs Mauricio Ruffy,2025-09-06 21:15:00+00:00,Fliff,Benoit Saint-Denis,2.6,0.3846153846153846,2.6663636363636365,4.0,underdog
Benoit Saint-Denis vs Mauricio Ruffy,2025-09-06 21:15:00+00:00,DraftKings,Benoit Saint-Denis,2.7,0.37037037037037035,2.6663636363636365,4.0,underdog
Benoit Saint-Denis vs Mauricio Ruffy,2025-09-06 21:15:00+00:00,BetUS,Benoit Saint-Denis,2.66,0.37593984962406013,2.6663636363636365,4.0,underdog
Benoit Saint-Denis vs Mauricio Ruffy,2025-09-06 21:15:00+00:00,BetRivers,Benoit Saint-Denis,2.6,0.3846153846153846,2.6663636363636365,4.0,underdog
Benoit Saint-Denis vs Mauricio Ruffy,2025-09-06 21:15:00+00:00,Bally Bet,Benoit Saint-Denis,2.6,0.3846153846153846,2.6663636363636365,4.0,underdog
Benoit Saint-Denis vs Mauricio Ruffy,2025-09-06 21:15:00+00:00,betPARX,Benoit Saint-Denis,2.6,0.3846153846153846,2.6663636363636365,4.0,underdog
Benoit Saint-Denis vs Mauricio Ruffy,2025-09-06 21:15:00+00:00,ESPN BET,Benoit Saint-Denis,2.7,0.37037037037037035,2.6663636363636365,4.0,underdog
Benoit Saint-Denis vs Mauricio Ruffy,2025-09-06 21:15:00+00:00,FanDuel,Benoit Saint-Denis,2.72,0.3676470588235294,2.6663636363636365,4.0,underdog
Benoit Saint-Denis vs Mauricio Ruffy,2025-09-06 21:15:00+00:00,BetAnySports,Benoit Saint-Denis,2.75,0.36363636363636365,2.6663636363636365,4.0,underdog
Benoit Saint-Denis vs Mauricio Ruffy,2025-09-06 21:15:00+00:00,BetOnline.ag,Mauricio Ruffy,1.5,0.6666666666666666,1.4836363636363636,1.0,favorite
Benoit Saint-Denis vs Mauricio Ruffy,2025-09-06 21:15:00+00:00,BetMGM,Mauricio Ruffy,1.48,0.6756756756756757,1.4836363636363636,1.0,favorite
Benoit Saint-Denis vs Mauricio Ruffy,2025-09-06 21:15:00+00:00,Fliff,Mauricio Ruffy,1.43,0.6993006993006994,1.4836363636363636,1.0,favorite
Benoit Saint-Denis vs Mauricio Ruffy,2025-09-06 21:15:00+00:00,DraftKings,Mauricio Ruffy,1.49,0.6711409395973155,1.4836363636363636,1.0,favorite
Benoit Saint-Denis vs Mauricio Ruffy,2025-09-06 21:15:00+00:00,BetUS,Mauricio Ruffy,1.5,0.6666666666666666,1.4836363636363636,1.0,favorite
Benoit Saint-Denis vs Mauricio Ruffy,2025-09-06 21:15:00+00:00,BetRivers,Mauricio Ruffy,1.5,0.6666666666666666,1.4836363636363636,1.0,favorite
Benoit Saint-Denis vs Mauricio Ruffy,2025-09-06 21:15:00+00:00,Bally Bet,Mauricio Ruffy,1.5,0.6666666666666666,1.4836363636363636,1.0,favorite
Benoit Saint-Denis vs Mauricio Ruffy,2025-09-06 21:15:00+00:00,betPARX,Mauricio Ruffy,1.5,0.6666666666666666,1.4836363636363636,1.0,favorite
Benoit Saint-Denis vs Mauricio Ruffy,2025-09-06 21:15:00+00:00,ESPN BET,Mauricio Ruffy,1.5,0.6666666666666666,1.4836363636363636,1.0,favorite
Benoit Saint-Denis vs Mauricio Ruffy,2025-09-06 21:15:00+00:00,FanDuel,Mauricio Ruffy,1.44,0.6944444444444444,1.4836363636363636,1.0,favorite
Benoit Saint-Denis vs Mauricio Ruffy,2025-09-06 21:15:00+00:00,BetAnySports,Mauricio Ruffy,1.48,0.6756756756756757,1.4836363636363636,1.0,favorite
Benoit Saint-Denis vs Mauricio Ruffy,2025-09-06 21:15:00+00:00,BetOnline.ag,Over 1.5,1.61,0.6211180124223602,1.6066666666666667,2.0,underdog
Benoit Saint-Denis vs Mauricio Ruffy,2025-09-06 21:15:00+00:00,DraftKings,Over 1.5,1.6,0.625,1.6066666666666667,2.0,underdog
Benoit Saint-Denis vs Mauricio Ruffy,2025-09-06 21:15:00+00:00,BetUS,Over 1.5,1.61,0.6211180124223602,1.6066666666666667,2.0,underdog
Benoit Saint-Denis vs Mauricio Ruffy,2025-09-06 21:15:00+00:00,BetOnline.ag,Under 1.5,2.45,0.4081632653061224,2.3766666666666665,3.0,underdog
Benoit Saint-Denis vs Mauricio Ruffy,2025-09-06 21:15:00+00:00,DraftKings,Under 1.5,2.3,0.4347826086956522,2.3766666666666665,3.0,underdog
Benoit Saint-Denis vs Mauricio Ruffy,2025-09-06 21:15:00+00:00,BetUS,Under 1.5,2.38,0.42016806722689076,2.3766666666666665,3.0,underdog
Bolaji Oki vs Mason Jones,2025-09-06 20:45:00+00:00,BetOnline.ag,Bolaji Oki,2.12,0.4716981132075471,2.171818181818182,3.0,underdog
Bolaji Oki vs Mason Jones,2025-09-06 20:45:00+00:00,BetMGM,Bolaji Oki,2.2,0.45454545454545453,2.171818181818182,3.0,underdog
Bolaji Oki vs Mason Jones,2025-09-06 20:45:00+00:00,Fliff,Bolaji Oki,2.2,0.45454545454545453,2.171818181818182,3.0,underdog
Bolaji Oki vs Mason Jones,2025-09-06 20:45:00+00:00,DraftKings,Bolaji Oki,2.14,0.4672897196261682,2.171818181818182,3.0,underdog
Bolaji Oki vs Mason Jones,2025-09-06 20:45:00+00:00,BetUS,Bolaji Oki,2.14,0.4672897196261682,2.171818181818182,3.0,underdog
Bolaji Oki vs Mason Jones,2025-09-06 20:45:00+00:00,BetRivers,Bolaji Oki,2.25,0.4444444444444444,2.171818181818182,3.0,underdog
Bolaji Oki vs Mason Jones,2025-09-06 20:45:00+00:00,Bally Bet,Bolaji Oki,2.25,0.4444444444444444,2.171818181818182,3.0,underdog
Bolaji Oki vs Mason Jones,2025-09-06 20:45:00+00:00,betPARX,Bolaji Oki,2.25,0.4444444444444444,2.171818181818182,3.0,underdog
Bolaji Oki vs Mason Jones,2025-09-06 20:45:00+00:00,ESPN BET,Bolaji Oki,2.15,0.46511627906976744,2.171818181818182,3.0,underdog
Bolaji Oki vs Mason Jones,2025-09-06 20:45:00+00:00,FanDuel,Bolaji Oki,2.14,0.4672897196261682,2.171818181818182,3.0,underdog
Bolaji Oki vs Mason Jones,2025-09-06 20:45:00+00:00,BetAnySports,Bolaji Oki,2.05,0.48780487804878053,2.171818181818182,3.0,underdog
Bolaji Oki vs Mason Jones,2025-09-06 20:45:00+00:00,BetOnline.ag,Mason Jones,1.76,0.5681818181818182,1.6927272727272729,2.0,underdog
Bolaji Oki vs Mason Jones,2025-09-06 20:45:00+00:00,BetMGM,Mason Jones,1.69,0.591715976331361,1.6927272727272729,2.0,underdog
Bolaji Oki vs Mason Jones,2025-09-06 20:45:00+00:00,Fliff,Mason Jones,1.61,0.6211180124223602,1.6927272727272729,2.0,underdog
Bolaji Oki vs Mason Jones,2025-09-06 20:45:00+00:00,DraftKings,Mason Jones,1.74,0.5747126436781609,1.6927272727272729,2.0,underdog
Bolaji Oki vs Mason Jones,2025-09-06 20:45:00+00:00,BetUS,Mason Jones,1.74,0.5747126436781609,1.6927272727272729,2.0,underdog
Bolaji Oki vs Mason Jones,2025-09-06 20:45:00+00:00,BetRivers,Mason Jones,1.64,0.6097560975609756,1.6927272727272729,2.0,underdog
Bolaji Oki vs Mason Jones,2025-09-06 20:45:00+00:00,Bally Bet,Mason Jones,1.64,0.6097560975609756,1.6927272727272729,2.0,underdog
Bolaji Oki vs Mason Jones,2025-09-06 20:45:00+00:00,betPARX,Mason Jones,1.64,0.6097560975609756,1.6927272727272729,2.0,underdog
Bolaji Oki vs Mason Jones,2025-09-06 20:45:00+00:00,ESPN BET,Mason Jones,1.74,0.5747126436781609,1.6927272727272729,2.0,underdog
Bolaji Oki vs Mason Jones,2025-09-06 20:45:00+00:00,FanDuel,Mason Jones,1.68,0.5952380952380952,1.6927272727272729,2.0,underdog
Bolaji Oki vs Mason Jones,2025-09-06 20:45:00+00:00,BetAnySports,Mason Jones,1.74,0.5747126436781609,1.6927272727272729,2.0,underdog
Bolaji Oki vs Mason Jones,2025-09-06 20:45:00+00:00,BetOnline.ag,Over 2.5,1.62,0.6172839506172839,1.62,1.0,favorite
Bolaji Oki vs Mason Jones,2025-09-06 20:45:00+00:00,DraftKings,Over 2.5,1.62,0.6172839506172839,1.62,1.0,favorite
Bolaji Oki vs Mason Jones,2025-09-06 20:45:00+00:00,BetUS,Over 2.5,1.62,0.6172839506172839,1.62,1.0,favorite
Bolaji Oki vs Mason Jones,2025-09-06 20:45:00+00:00,BetOnline.ag,Under 2.5,2.4,0.4166666666666667,2.3266666666666667,4.0,underdog
Bolaji Oki vs Mason Jones,2025-09-06 20:45:00+00:00,DraftKings,Under 2.5,2.24,0.4464285714285714,2.3266666666666667,4.0,underdog
Bolaji Oki vs Mason Jones,2025-09-06 20:45:00+00:00,BetUS,Under 2.5,2.34,0.4273504273504274,2.3266666666666667,4.0,underdog
Brad Tavares vs Robert Bryczek,2025-09-06 16:45:00+00:00,DraftKings,Brad Tavares,1.43,0.6993006993006994,1.43,1.0,favorite
Brad Tavares vs Robert Bryczek,2025-09-06 16:45:00+00:00,Fliff,Brad Tavares,1.38,0.7246376811594204,1.43,1.0,favorite
Brad Tavares vs Robert Bryczek,2025-09-06 16:45:00+00:00,FanDuel,Brad Tavares,1.43,0.6993006993006994,1.43,1.0,favorite
Brad Tavares vs Robert Bryczek,2025-09-06 16:45:00+00:00,betPARX,Brad Tavares,1.4,0.7142857142857143,1.43,1.0,favorite
Brad Tavares vs Robert Bryczek,2025-09-06 16:45:00+00:00,Bally Bet,Brad Tavares,1.4,0.7142857142857143,1.43,1.0,favorite
Brad Tavares vs Robert Bryczek,2025-09-06 16:45:00+00:00,BetRivers,Brad Tavares,1.4,0.7142857142857143,1.43,1.0,favorite
Brad Tavares vs Robert Bryczek,2025-09-06 16:45:00+00:00,BetOnline.ag,Brad Tavares,1.47,0.6802721088435374,1.43,1.0,favorite
Brad Tavares vs Robert Bryczek,2025-09-06 16:45:00+00:00,ESPN BET,Brad Tavares,1.44,0.6944444444444444,1.43,1.0,favorite
Brad Tavares vs Robert Bryczek,2025-09-06 16:45:00+00:00,BetAnySports,Brad Tavares,1.47,0.6802721088435374,1.43,1.0,favorite
Brad Tavares vs Robert Bryczek,2025-09-06 16:45:00+00:00,BetUS,Brad Tavares,1.48,0.6756756756756757,1.43,1.0,favorite
Brad Tavares vs Robert Bryczek,2025-09-06 16:45:00+00:00,BetMGM,Brad Tavares,1.43,0.6993006993006994,1.43,1.0,favorite
Brad Tavares vs Robert Bryczek,2025-09-06 16:45:00+00:00,DraftKings,Over 2.5,1.47,0.6802721088435374,1.51,2.0,underdog
Brad Tavares vs Robert Bryczek,2025-09-06 16:45:00+00:00,BetOnline.ag,Over 2.5,1.53,0.6535947712418301,1.51,2.0,underdog
Brad Tavares vs Robert Bryczek,2025-09-06 16:45:00+00:00,BetUS,Over 2.5,1.53,0.6535947712418301,1.51,2.0,underdog
Brad Tavares vs Robert Bryczek,2025-09-06 16:45:00+00:00,DraftKings,Robert Bryczek,2.9,0.3448275862068966,2.8736363636363635,4.0,underdog
Brad Tavares vs Robert Bryczek,2025-09-06 16:45:00+00:00,Fliff,Robert Bryczek,2.8,0.35714285714285715,2.8736363636363635,4.0,underdog
Brad Tavares vs Robert Bryczek,2025-09-06 16:45:00+00:00,FanDuel,Robert Bryczek,2.8,0.35714285714285715,2.8736363636363635,4.0,underdog
Brad Tavares vs Robert Bryczek,2025-09-06 16:45:00+00:00,betPARX,Robert Bryczek,3.0,0.3333333333333333,2.8736363636363635,4.0,underdog
Brad Tavares vs Robert Bryczek,2025-09-06 16:45:00+00:00,Bally Bet,Robert Bryczek,3.0,0.3333333333333333,2.8736363636363635,4.0,underdog
Brad Tavares vs Robert Bryczek,2025-09-06 16:45:00+00:00,BetRivers,Robert Bryczek,3.0,0.3333333333333333,2.8736363636363635,4.0,underdog
Brad Tavares vs Robert Bryczek,2025-09-06 16:45:00+00:00,BetOnline.ag,Robert Bryczek,2.82,0.3546099290780142,2.8736363636363635,4.0,underdog
Brad Tavares vs Robert Bryczek,2025-09-06 16:45:00+00:00,ESPN BET,Robert Bryczek,2.85,0.3508771929824561,2.8736363636363635,4.0,underdog
Brad Tavares vs Robert Bryczek,2025-09-06 16:45:00+00:00,BetAnySports,Robert Bryczek,2.8,0.35714285714285715,2.8736363636363635,4.0,underdog
Brad Tavares vs Robert Bryczek,2025-09-06 16:45:00+00:00,BetUS,Robert Bryczek,2.74,0.36496350364963503,2.8736363636363635,4.0,underdog
Brad Tavares vs Robert Bryczek,2025-09-06 16:45:00+00:00,BetMGM,Robert Bryczek,2.9,0.3448275862068966,2.8736363636363635,4.0,underdog
Brad Tavares vs Robert Bryczek,2025-09-06 16:45:00+00:00,DraftKings,Under 2.5,2.65,0.37735849056603776,2.6266666666666665,3.0,underdog
Brad Tavares vs Robert Bryczek,2025-09-06 16:45:00+00:00,BetOnline.ag,Under 2.5,2.65,0.37735849056603776,2.6266666666666665,3.0,underdog
Brad Tavares vs Robert Bryczek,2025-09-06 16:45:00+00:00,BetUS,Under 2.5,2.58,0.38759689922480617,2.6266666666666665,3.0,underdog
Claudio Puelles vs Joaquim Silva,2025-09-14 03:30:00+00:00,BetOnline.ag,Claudio Puelles,2.2,0.45454545454545453,2.0725000000000002,2.0,underdog
Claudio Puelles vs Joaquim Silva,2025-09-14 03:30:00+00:00,DraftKings,Claudio Puelles,2.2,0.45454545454545453,2.0725000000000002,2.0,underdog
Claudio Puelles vs Joaquim Silva,2025-09-14 03:30:00+00:00,FanDuel,Claudio Puelles,1.98,0.5050505050505051,2.0725000000000002,2.0,underdog
Claudio Puelles vs Joaquim Silva,2025-09-14 03:30:00+00:00,Fliff,Claudio Puelles,1.91,0.5235602094240838,2.0725000000000002,2.0,underdog
Claudio Puelles vs Joaquim Silva,2025-09-14 03:30:00+00:00,BetOnline.ag,Joaquim Silva,1.71,0.5847953216374269,1.745,1.0,favorite
Claudio Puelles vs Joaquim Silva,2025-09-14 03:30:00+00:00,DraftKings,Joaquim Silva,1.7,0.5882352941176471,1.745,1.0,favorite
Claudio Puelles vs Joaquim Silva,2025-09-14 03:30:00+00:00,FanDuel,Joaquim Silva,1.8,0.5555555555555556,1.745,1.0,favorite
Claudio Puelles vs Joaquim Silva,2025-09-14 03:30:00+00:00,Fliff,Joaquim Silva,1.77,0.5649717514124294,1.745,1.0,favorite
David Mgoyan vs Tommy McMillen,2025-09-03 00:15:00+00:00,FanDuel,David Mgoyan,1.6,0.625,1.5933333333333335,2.0,underdog
David Mgoyan vs Tommy McMillen,2025-09-03 00:15:00+00:00,BetOnline.ag,David Mgoyan,1.59,0.6289308176100629,1.5933333333333335,2.0,underdog
David Mgoyan vs Tommy McMillen,2025-09-03 00:15:00+00:00,BetAnySports,David Mgoyan,1.59,0.6289308176100629,1.5933333333333335,2.0,underdog
David Mgoyan vs Tommy McMillen,2025-09-03 00:15:00+00:00,BetOnline.ag,Over 1.5,1.5,0.6666666666666666,1.5,1.0,favorite
David Mgoyan vs Tommy McMillen,2025-09-03 00:15:00+00:00,BetAnySports,Over 1.5,1.5,0.6666666666666666,1.5,1.0,favorite
David Mgoyan vs Tommy McMillen,2025-09-03 00:15:00+00:00,FanDuel,Tommy McMillen,2.4,0.4166666666666667,2.4166666666666665,3.0,underdog
David Mgoyan vs Tommy McMillen,2025-09-03 00:15:00+00:00,BetOnline.ag,Tommy McMillen,2.45,0.4081632653061224,2.4166666666666665,3.0,underdog
David Mgoyan vs Tommy McMillen,2025-09-03 00:15:00+00:00,BetAnySports,Tommy McMillen,2.4,0.4166666666666667,2.4166666666666665,3.0,underdog
David Mgoyan vs Tommy McMillen,2025-09-03 00:15:00+00:00,BetOnline.ag,Under 1.5,2.74,0.36496350364963503,2.715,4.0,underdog
David Mgoyan vs Tommy McMillen,2025-09-03 00:15:00+00:00,BetAnySports,Under 1.5,2.69,0.3717472118959108,2.715,4.0,underdog
Diego Lopes vs Jean Silva,2025-09-13 23:00:00+00:00,BetOnline.ag,Diego Lopes,3.1,0.3225806451612903,3.00625,2.0,underdog
Diego Lopes vs Jean Silva,2025-09-13 23:00:00+00:00,DraftKings,Diego Lopes,3.05,0.3278688524590164,3.00625,2.0,underdog
Diego Lopes vs Jean Silva,2025-09-13 23:00:00+00:00,BetRivers,Diego Lopes,2.95,0.3389830508474576,3.00625,2.0,underdog
Diego Lopes vs Jean Silva,2025-09-13 23:00:00+00:00,Bally Bet,Diego Lopes,2.95,0.3389830508474576,3.00625,2.0,underdog
Diego Lopes vs Jean Silva,2025-09-13 23:00:00+00:00,betPARX,Diego Lopes,2.95,0.3389830508474576,3.00625,2.0,underdog
Diego Lopes vs Jean Silva,2025-09-13 23:00:00+00:00,FanDuel,Diego Lopes,2.9,0.3448275862068966,3.00625,2.0,underdog
Diego Lopes vs Jean Silva,2025-09-13 23:00:00+00:00,ESPN BET,Diego Lopes,3.1,0.3225806451612903,3.00625,2.0,underdog
Diego Lopes vs Jean Silva,2025-09-13 23:00:00+00:00,Fliff,Diego Lopes,3.05,0.3278688524590164,3.00625,2.0,underdog
Diego Lopes vs Jean Silva,2025-09-13 23:00:00+00:00,BetOnline.ag,Jean Silva,1.4,0.7142857142857143,1.38875,1.0,favorite
Diego Lopes vs Jean Silva,2025-09-13 23:00:00+00:00,DraftKings,Jean Silva,1.4,0.7142857142857143,1.38875,1.0,favorite
Diego Lopes vs Jean Silva,2025-09-13 23:00:00+00:00,BetRivers,Jean Silva,1.4,0.7142857142857143,1.38875,1.0,favorite
Diego Lopes vs Jean Silva,2025-09-13 23:00:00+00:00,Bally Bet,Jean Silva,1.4,0.7142857142857143,1.38875,1.0,favorite
Diego Lopes vs Jean Silva,2025-09-13 23:00:00+00:00,betPARX,Jean Silva,1.4,0.7142857142857143,1.38875,1.0,favorite
Diego Lopes vs Jean Silva,2025-09-13 23:00:00+00:00,FanDuel,Jean Silva,1.4,0.7142857142857143,1.38875,1.0,favorite
Diego Lopes vs Jean Silva,2025-09-13 23:00:00+00:00,ESPN BET,Jean Silva,1.38,0.7246376811594204,1.38875,1.0,favorite
Diego Lopes vs Jean Silva,2025-09-13 23:00:00+00:00,Fliff,Jean Silva,1.33,0.7518796992481203,1.38875,1.0,favorite
Fares Ziam vs Kauê Fernandes,2025-09-06 19:00:00+00:00,BetRivers,Fares Ziam,1.3,0.7692307692307692,1.2975,1.0,favorite
Fares Ziam vs Kauê Fernandes,2025-09-06 19:00:00+00:00,Bally Bet,Fares Ziam,1.3,0.7692307692307692,1.2975,1.0,favorite
Fares Ziam vs Kauê Fernandes,2025-09-06 19:00:00+00:00,betPARX,Fares Ziam,1.3,0.7692307692307692,1.2975,1.0,favorite
Fares Ziam vs Kauê Fernandes,2025-09-06 19:00:00+00:00,FanDuel,Fares Ziam,1.29,0.7751937984496123,1.2975,1.0,favorite
Fares Ziam vs Kauê Fernandes,2025-09-06 19:00:00+00:00,BetRivers,Kauê Fernandes,3.5,0.2857142857142857,3.5,2.0,underdog
Fares Ziam vs Kauê Fernandes,2025-09-06 19:00:00+00:00,Bally Bet,Kauê Fernandes,3.5,0.2857142857142857,3.5,2.0,underdog
Fares Ziam vs Kauê Fernandes,2025-09-06 19:00:00+00:00,betPARX,Kauê Fernandes,3.5,0.2857142857142857,3.5,2.0,underdog
Fares Ziam vs Kauê Fernandes,2025-09-06 19:00:00+00:00,FanDuel,Kauê Fernandes,3.5,0.2857142857142857,3.5,2.0,underdog
Jack Congdon vs Jean-Paul Lebosnoyani,2025-09-03 01:55:00+00:00,FanDuel,Jack Congdon,4.5,0.2222222222222222,4.283333333333333,4.0,underdog
Jack Congdon vs Jean-Paul Lebosnoyani,2025-09-03 01:55:00+00:00,BetOnline.ag,Jack Congdon,4.5,0.2222222222222222,4.283333333333333,4.0,underdog
Jack Congdon vs Jean-Paul Lebosnoyani,2025-09-03 01:55:00+00:00,BetAnySports,Jack Congdon,3.85,0.2597402597402597,4.283333333333333,4.0,underdog
Jack Congdon vs Jean-Paul Lebosnoyani,2025-09-03 01:55:00+00:00,FanDuel,Jean-Paul Lebosnoyani,1.22,0.819672131147541,1.22,1.0,favorite
Jack Congdon vs Jean-Paul Lebosnoyani,2025-09-03 01:55:00+00:00,BetOnline.ag,Jean-Paul Lebosnoyani,1.22,0.819672131147541,1.22,1.0,favorite
Jack Congdon vs Jean-Paul Lebosnoyani,2025-09-03 01:55:00+00:00,BetAnySports,Jean-Paul Lebosnoyani,1.22,0.819672131147541,1.22,1.0,favorite
Jack Congdon vs Jean-Paul Lebosnoyani,2025-09-03 01:55:00+00:00,BetOnline.ag,Over 1.5,2.35,0.425531914893617,2.3,3.0,underdog
Jack Congdon vs Jean-Paul Lebosnoyani,2025-09-03 01:55:00+00:00,BetAnySports,Over 1.5,2.25,0.4444444444444444,2.3,3.0,underdog
Jack Congdon vs Jean-Paul Lebosnoyani,2025-09-03 01:55:00+00:00,BetOnline.ag,Under 1.5,1.65,0.6060606060606061,1.65,2.0,underdog
Jack Congdon vs Jean-Paul Lebosnoyani,2025-09-03 01:55:00+00:00,BetAnySports,Under 1.5,1.65,0.6060606060606061,1.65,2.0,underdog
Jesus Santos Aguilar vs Luis Gurule,2025-09-14 01:00:00+00:00,BetOnline.ag,Jesus Santos Aguilar,2.6,0.3846153846153846,2.56,2.0,underdog
Jesus Santos Aguilar vs Luis Gurule,2025-09-14 01:00:00+00:00,DraftKings,Jesus Santos Aguilar,2.6,0.3846153846153846,2.56,2.0,underdog
Jesus Santos Aguilar vs Luis Gurule,2025-09-14 01:00:00+00:00,FanDuel,Jesus Santos Aguilar,2.54,0.39370078740157477,2.56,2.0,underdog
Jesus Santos Aguilar vs Luis Gurule,2025-09-14 01:00:00+00:00,Fliff,Jesus Santos Aguilar,2.5,0.4,2.56,2.0,underdog
Jesus Santos Aguilar vs Luis Gurule,2025-09-14 01:00:00+00:00,BetOnline.ag,Luis Gurule,1.54,0.6493506493506493,1.5075,1.0,favorite
Jesus Santos Aguilar vs Luis Gurule,2025-09-14 01:00:00+00:00,DraftKings,Luis Gurule,1.52,0.6578947368421053,1.5075,1.0,favorite
Jesus Santos Aguilar vs Luis Gurule,2025-09-14 01:00:00+00:00,FanDuel,Luis Gurule,1.5,0.6666666666666666,1.5075,1.0,favorite
Jesus Santos Aguilar vs Luis Gurule,2025-09-14 01:00:00+00:00,Fliff,Luis Gurule,1.47,0.6802721088435374,1.5075,1.0,favorite
Jose Daniel Medina vs Dusko Todorovic,2025-09-14 02:30:00+00:00,BetOnline.ag,Dusko Todorovic,1.33,0.7518796992481203,1.32,1.0,favorite
Jose Daniel Medina vs Dusko Todorovic,2025-09-14 02:30:00+00:00,DraftKings,Dusko Todorovic,1.33,0.7518796992481203,1.32,1.0,favorite
Jose Daniel Medina vs Dusko Todorovic,2025-09-14 02:30:00+00:00,FanDuel,Dusko Todorovic,1.3,0.7692307692307692,1.32,1.0,favorite
Jose Daniel Medina vs Dusko Todorovic,2025-09-14 02:30:00+00:00,BetOnline.ag,Jose Daniel Medina,3.5,0.2857142857142857,3.4499999999999997,2.0,underdog
Jose Daniel Medina vs Dusko Todorovic,2025-09-14 02:30:00+00:00,DraftKings,Jose Daniel Medina,3.45,0.2898550724637681,3.4499999999999997,2.0,underdog
Jose Daniel Medina vs Dusko Todorovic,2025-09-14 02:30:00+00:00,FanDuel,Jose Daniel Medina,3.4,0.29411764705882354,3.4499999999999997,2.0,underdog
Mandel Nallo vs Samuel Silva,2025-09-03 01:05:00+00:00,BetOnline.ag,Mandel Nallo,2.17,0.4608294930875576,2.1533333333333333,4.0,underdog
Mandel Nallo vs Samuel Silva,2025-09-03 01:05:00+00:00,FanDuel,Mandel Nallo,2.22,0.4504504504504504,2.1533333333333333,4.0,underdog
Mandel Nallo vs Samuel Silva,2025-09-03 01:05:00+00:00,BetAnySports,Mandel Nallo,2.07,0.48309178743961356,2.1533333333333333,4.0,underdog
Mandel Nallo vs Samuel Silva,2025-09-03 01:05:00+00:00,BetOnline.ag,Over 1.5,1.82,0.5494505494505494,1.82,2.0,underdog
Mandel Nallo vs Samuel Silva,2025-09-03 01:05:00+00:00,BetAnySports,Over 1.5,1.82,0.5494505494505494,1.82,2.0,underdog
Mandel Nallo vs Samuel Silva,2025-09-03 01:05:00+00:00,BetOnline.ag,Samuel Silva,1.73,0.5780346820809249,1.7166666666666668,1.0,favorite
Mandel Nallo vs Samuel Silva,2025-09-03 01:05:00+00:00,FanDuel,Samuel Silva,1.69,0.591715976331361,1.7166666666666668,1.0,favorite
Mandel Nallo vs Samuel Silva,2025-09-03 01:05:00+00:00,BetAnySports,Samuel Silva,1.73,0.5780346820809249,1.7166666666666668,1.0,favorite
Mandel Nallo vs Samuel Silva,2025-09-03 01:05:00+00:00,BetOnline.ag,Under 1.5,2.02,0.49504950495049505,1.975,3.0,underdog
Mandel Nallo vs Samuel Silva,2025-09-03 01:05:00+00:00,BetAnySports,Under 1.5,1.93,0.5181347150259068,1.975,3.0,underdog
Marcin Tybura vs Ante Delija,2025-09-06 18:30:00+00:00,BetOnline.ag,Ante Delija,1.87,0.53475935828877,1.8554545454545455,2.0,underdog
Marcin Tybura vs Ante Delija,2025-09-06 18:30:00+00:00,Fliff,Ante Delija,1.83,0.5464480874316939,1.8554545454545455,2.0,underdog
Marcin Tybura vs Ante Delija,2025-09-06 18:30:00+00:00,BetMGM,Ante Delija,1.87,0.53475935828877,1.8554545454545455,2.0,underdog
Marcin Tybura vs Ante Delija,2025-09-06 18:30:00+00:00,DraftKings,Ante Delija,1.87,0.53475935828877,1.8554545454545455,2.0,underdog
Marcin Tybura vs Ante Delija,2025-09-06 18:30:00+00:00,BetUS,Ante Delija,1.87,0.53475935828877,1.8554545454545455,2.0,underdog
Marcin Tybura vs Ante Delija,2025-09-06 18:30:00+00:00,Bally Bet,Ante Delija,1.83,0.5464480874316939,1.8554545454545455,2.0,underdog
Marcin Tybura vs Ante Delija,2025-09-06 18:30:00+00:00,betPARX,Ante Delija,1.83,0.5464480874316939,1.8554545454545455,2.0,underdog
Marcin Tybura vs Ante Delija,2025-09-06 18:30:00+00:00,BetRivers,Ante Delija,1.83,0.5464480874316939,1.8554545454545455,2.0,underdog
Marcin Tybura vs Ante Delija,2025-09-06 18:30:00+00:00,ESPN BET,Ante Delija,1.87,0.53475935828877,1.8554545454545455,2.0,underdog
Marcin Tybura vs Ante Delija,2025-09-06 18:30:00+00:00,FanDuel,Ante Delija,1.87,0.53475935828877,1.8554545454545455,2.0,underdog
Marcin Tybura vs Ante Delija,2025-09-06 18:30:00+00:00,BetAnySports,Ante Delija,1.87,0.53475935828877,1.8554545454545455,2.0,underdog
Marcin Tybura vs Ante Delija,2025-09-06 18:30:00+00:00,BetOnline.ag,Marcin Tybura,1.95,0.5128205128205129,1.9363636363636365,3.0,underdog
Marcin Tybura vs Ante Delija,2025-09-06 18:30:00+00:00,Fliff,Marcin Tybura,1.87,0.53475935828877,1.9363636363636365,3.0,underdog
Marcin Tybura vs Ante Delija,2025-09-06 18:30:00+00:00,BetMGM,Marcin Tybura,1.95,0.5128205128205129,1.9363636363636365,3.0,underdog
Marcin Tybura vs Ante Delija,2025-09-06 18:30:00+00:00,DraftKings,Marcin Tybura,1.95,0.5128205128205129,1.9363636363636365,3.0,underdog
Marcin Tybura vs Ante Delija,2025-09-06 18:30:00+00:00,BetUS,Marcin Tybura,1.95,0.5128205128205129,1.9363636363636365,3.0,underdog
Marcin Tybura vs Ante Delija,2025-09-06 18:30:00+00:00,Bally Bet,Marcin Tybura,1.97,0.5076142131979695,1.9363636363636365,3.0,underdog
Marcin Tybura vs Ante Delija,2025-09-06 18:30:00+00:00,betPARX,Marcin Tybura,1.97,0.5076142131979695,1.9363636363636365,3.0,underdog
Marcin Tybura vs Ante Delija,2025-09-06 18:30:00+00:00,BetRivers,Marcin Tybura,1.97,0.5076142131979695,1.9363636363636365,3.0,underdog
Marcin Tybura vs Ante Delija,2025-09-06 18:30:00+00:00,ESPN BET,Marcin Tybura,1.95,0.5128205128205129,1.9363636363636365,3.0,underdog
Marcin Tybura vs Ante Delija,2025-09-06 18:30:00+00:00,FanDuel,Marcin Tybura,1.9,0.5263157894736842,1.9363636363636365,3.0,underdog
Marcin Tybura vs Ante Delija,2025-09-06 18:30:00+00:00,BetAnySports,Marcin Tybura,1.87,0.53475935828877,1.9363636363636365,3.0,underdog
Marcin Tybura vs Ante Delija,2025-09-06 18:30:00+00:00,BetOnline.ag,Over 2.5,2.1,0.47619047619047616,2.0833333333333335,4.0,underdog
Marcin Tybura vs Ante Delija,2025-09-06 18:30:00+00:00,DraftKings,Over 2.5,2.05,0.48780487804878053,2.0833333333333335,4.0,underdog
Marcin Tybura vs Ante Delija,2025-09-06 18:30:00+00:00,BetUS,Over 2.5,2.1,0.47619047619047616,2.0833333333333335,4.0,underdog
Marcin Tybura vs Ante Delija,2025-09-06 18:30:00+00:00,BetOnline.ag,Under 2.5,1.77,0.5649717514124294,1.76,1.0,favorite
Marcin Tybura vs Ante Delija,2025-09-06 18:30:00+00:00,DraftKings,Under 2.5,1.74,0.5747126436781609,1.76,1.0,favorite
Marcin Tybura vs Ante Delija,2025-09-06 18:30:00+00:00,BetUS,Under 2.5,1.77,0.5649717514124294,1.76,1.0,favorite
Modestas Bukauskas vs Paul Craig,2025-09-06 20:15:00+00:00,BetOnline.ag,Modestas Bukauskas,1.27,0.7874015748031495,1.2845454545454547,1.0,favorite
Modestas Bukauskas vs Paul Craig,2025-09-06 20:15:00+00:00,BetMGM,Modestas Bukauskas,1.27,0.7874015748031495,1.2845454545454547,1.0,favorite
Modestas Bukauskas vs Paul Craig,2025-09-06 20:15:00+00:00,Fliff,Modestas Bukauskas,1.26,0.7936507936507936,1.2845454545454547,1.0,favorite
Modestas Bukauskas vs Paul Craig,2025-09-06 20:15:00+00:00,DraftKings,Modestas Bukauskas,1.28,0.78125,1.2845454545454547,1.0,favorite
Modestas Bukauskas vs Paul Craig,2025-09-06 20:15:00+00:00,BetUS,Modestas Bukauskas,1.29,0.7751937984496123,1.2845454545454547,1.0,favorite
Modestas Bukauskas vs Paul Craig,2025-09-06 20:15:00+00:00,BetRivers,Modestas Bukauskas,1.3,0.7692307692307692,1.2845454545454547,1.0,favorite
Modestas Bukauskas vs Paul Craig,2025-09-06 20:15:00+00:00,Bally Bet,Modestas Bukauskas,1.3,0.7692307692307692,1.2845454545454547,1.0,favorite
Modestas Bukauskas vs Paul Craig,2025-09-06 20:15:00+00:00,betPARX,Modestas Bukauskas,1.3,0.7692307692307692,1.2845454545454547,1.0,favorite
Modestas Bukauskas vs Paul Craig,2025-09-06 20:15:00+00:00,ESPN BET,Modestas Bukauskas,1.26,0.7936507936507936,1.2845454545454547,1.0,favorite
Modestas Bukauskas vs Paul Craig,2025-09-06 20:15:00+00:00,FanDuel,Modestas Bukauskas,1.3,0.7692307692307692,1.2845454545454547,1.0,favorite
Modestas Bukauskas vs Paul Craig,2025-09-06 20:15:00+00:00,BetAnySports,Modestas Bukauskas,1.3,0.7692307692307692,1.2845454545454547,1.0,favorite
Modestas Bukauskas vs Paul Craig,2025-09-06 20:15:00+00:00,BetOnline.ag,Over 1.5,1.77,0.5649717514124294,1.7299999999999998,2.0,underdog
Modestas Bukauskas vs Paul Craig,2025-09-06 20:15:00+00:00,DraftKings,Over 1.5,1.65,0.6060606060606061,1.7299999999999998,2.0,underdog
Modestas Bukauskas vs Paul Craig,2025-09-06 20:15:00+00:00,BetUS,Over 1.5,1.77,0.5649717514124294,1.7299999999999998,2.0,underdog
Modestas Bukauskas vs Paul Craig,2025-09-06 20:15:00+00:00,BetOnline.ag,Paul Craig,4.0,0.25,3.680909090909091,4.0,underdog
Modestas Bukauskas vs Paul Craig,2025-09-06 20:15:00+00:00,BetMGM,Paul Craig,3.9,0.25641025641025644,3.680909090909091,4.0,underdog
Modestas Bukauskas vs Paul Craig,2025-09-06 20:15:00+00:00,Fliff,Paul Craig,3.5,0.2857142857142857,3.680909090909091,4.0,underdog
Modestas Bukauskas vs Paul Craig,2025-09-06 20:15:00+00:00,DraftKings,Paul Craig,3.8,0.2631578947368421,3.680909090909091,4.0,underdog
Modestas Bukauskas vs Paul Craig,2025-09-06 20:15:00+00:00,BetUS,Paul Craig,3.79,0.2638522427440633,3.680909090909091,4.0,underdog
Modestas Bukauskas vs Paul Craig,2025-09-06 20:15:00+00:00,BetRivers,Paul Craig,3.5,0.2857142857142857,3.680909090909091,4.0,underdog
Modestas Bukauskas vs Paul Craig,2025-09-06 20:15:00+00:00,Bally Bet,Paul Craig,3.5,0.2857142857142857,3.680909090909091,4.0,underdog
Modestas Bukauskas vs Paul Craig,2025-09-06 20:15:00+00:00,betPARX,Paul Craig,3.5,0.2857142857142857,3.680909090909091,4.0,underdog
Modestas Bukauskas vs Paul Craig,2025-09-06 20:15:00+00:00,ESPN BET,Paul Craig,3.9,0.25641025641025644,3.680909090909091,4.0,underdog
Modestas Bukauskas vs Paul Craig,2025-09-06 20:15:00+00:00,FanDuel,Paul Craig,3.4,0.29411764705882354,3.680909090909091,4.0,underdog
Modestas Bukauskas vs Paul Craig,2025-09-06 20:15:00+00:00,BetAnySports,Paul Craig,3.7,0.27027027027027023,3.680909090909091,4.0,underdog
Modestas Bukauskas vs Paul Craig,2025-09-06 20:15:00+00:00,BetOnline.ag,Under 1.5,2.1,0.47619047619047616,2.1333333333333333,3.0,underdog
Modestas Bukauskas vs Paul Craig,2025-09-06 20:15:00+00:00,DraftKings,Under 1.5,2.2,0.45454545454545453,2.1333333333333333,3.0,underdog
Modestas Bukauskas vs Paul Craig,2025-09-06 20:15:00+00:00,BetUS,Under 1.5,2.1,0.47619047619047616,2.1333333333333333,3.0,underdog
Nassourdine Imavov vs Caio Borralho,2025-09-06 21:45:00+00:00,BetOnline.ag,Caio Borralho,1.76,0.5681818181818182,1.7554545454545454,2.0,underdog
Nassourdine Imavov vs Caio Borralho,2025-09-06 21:45:00+00:00,ESPN BET,Caio Borralho,1.77,0.5649717514124294,1.7554545454545454,2.0,underdog
Nassourdine Imavov vs Caio Borralho,2025-09-06 21:45:00+00:00,BetMGM,Caio Borralho,1.74,0.5747126436781609,1.7554545454545454,2.0,underdog
Nassourdine Imavov vs Caio Borralho,2025-09-06 21:45:00+00:00,Fliff,Caio Borralho,1.71,0.5847953216374269,1.7554545454545454,2.0,underdog
Nassourdine Imavov vs Caio Borralho,2025-09-06 21:45:00+00:00,DraftKings,Caio Borralho,1.77,0.5649717514124294,1.7554545454545454,2.0,underdog
Nassourdine Imavov vs Caio Borralho,2025-09-06 21:45:00+00:00,BetUS,Caio Borralho,1.77,0.5649717514124294,1.7554545454545454,2.0,underdog
Nassourdine Imavov vs Caio Borralho,2025-09-06 21:45:00+00:00,BetRivers,Caio Borralho,1.77,0.5649717514124294,1.7554545454545454,2.0,underdog
Nassourdine Imavov vs Caio Borralho,2025-09-06 21:45:00+00:00,Bally Bet,Caio Borralho,1.77,0.5649717514124294,1.7554545454545454,2.0,underdog
Nassourdine Imavov vs Caio Borralho,2025-09-06 21:45:00+00:00,betPARX,Caio Borralho,1.77,0.5649717514124294,1.7554545454545454,2.0,underdog
Nassourdine Imavov vs Caio Borralho,2025-09-06 21:45:00+00:00,FanDuel,Caio Borralho,1.74,0.5747126436781609,1.7554545454545454,2.0,underdog
Nassourdine Imavov vs Caio Borralho,2025-09-06 21:45:00+00:00,BetAnySports,Caio Borralho,1.74,0.5747126436781609,1.7554545454545454,2.0,underdog
Nassourdine Imavov vs Caio Borralho,2025-09-06 21:45:00+00:00,BetOnline.ag,Nassourdine Imavov,2.12,0.4716981132075471,2.0727272727272728,3.0,underdog
Nassourdine Imavov vs Caio Borralho,2025-09-06 21:45:00+00:00,ESPN BET,Nassourdine Imavov,2.1,0.47619047619047616,2.0727272727272728,3.0,underdog
Nassourdine Imavov vs Caio Borralho,2025-09-06 21:45:00+00:00,BetMGM,Nassourdine Imavov,2.1,0.47619047619047616,2.0727272727272728,3.0,underdog
Nassourdine Imavov vs Caio Borralho,2025-09-06 21:45:00+00:00,Fliff,Nassourdine Imavov,2.0,0.5,2.0727272727272728,3.0,underdog
Nassourdine Imavov vs Caio Borralho,2025-09-06 21:45:00+00:00,DraftKings,Nassourdine Imavov,2.1,0.47619047619047616,2.0727272727272728,3.0,underdog
Nassourdine Imavov vs Caio Borralho,2025-09-06 21:45:00+00:00,BetUS,Nassourdine Imavov,2.1,0.47619047619047616,2.0727272727272728,3.0,underdog
Nassourdine Imavov vs Caio Borralho,2025-09-06 21:45:00+00:00,BetRivers,Nassourdine Imavov,2.05,0.48780487804878053,2.0727272727272728,3.0,underdog
Nassourdine Imavov vs Caio Borralho,2025-09-06 21:45:00+00:00,Bally Bet,Nassourdine Imavov,2.05,0.48780487804878053,2.0727272727272728,3.0,underdog
Nassourdine Imavov vs Caio Borralho,2025-09-06 21:45:00+00:00,betPARX,Nassourdine Imavov,2.05,0.48780487804878053,2.0727272727272728,3.0,underdog
Nassourdine Imavov vs Caio Borralho,2025-09-06 21:45:00+00:00,FanDuel,Nassourdine Imavov,2.08,0.4807692307692307,2.0727272727272728,3.0,underdog
Nassourdine Imavov vs Caio Borralho,2025-09-06 21:45:00+00:00,BetAnySports,Nassourdine Imavov,2.05,0.48780487804878053,2.0727272727272728,3.0,underdog
Nassourdine Imavov vs Caio Borralho,2025-09-06 21:45:00+00:00,BetOnline.ag,Over 4.5,1.51,0.6622516556291391,1.5166666666666666,1.0,favorite
Nassourdine Imavov vs Caio Borralho,2025-09-06 21:45:00+00:00,DraftKings,Over 4.5,1.53,0.6535947712418301,1.5166666666666666,1.0,favorite
Nassourdine Imavov vs Caio Borralho,2025-09-06 21:45:00+00:00,BetUS,Over 4.5,1.51,0.6622516556291391,1.5166666666666666,1.0,favorite
Nassourdine Imavov vs Caio Borralho,2025-09-06 21:45:00+00:00,BetOnline.ag,Under 4.5,2.7,0.37037037037037035,2.5900000000000003,4.0,underdog
Nassourdine Imavov vs Caio Borralho,2025-09-06 21:45:00+00:00,DraftKings,Under 4.5,2.45,0.4081632653061224,2.5900000000000003,4.0,underdog
Nassourdine Imavov vs Caio Borralho,2025-09-06 21:45:00+00:00,BetUS,Under 4.5,2.62,0.38167938931297707,2.5900000000000003,4.0,underdog
Oumar Sy vs Brendson Ribeiro,2025-09-06 18:45:00+00:00,BetOnline.ag,Brendson Ribeiro,4.3,0.23255813953488372,4.127272727272727,4.0,underdog
Oumar Sy vs Brendson Ribeiro,2025-09-06 18:45:00+00:00,Fliff,Brendson Ribeiro,4.05,0.2469135802469136,4.127272727272727,4.0,underdog
Oumar Sy vs Brendson Ribeiro,2025-09-06 18:45:00+00:00,BetMGM,Brendson Ribeiro,4.33,0.23094688221709006,4.127272727272727,4.0,underdog
Oumar Sy vs Brendson Ribeiro,2025-09-06 18:45:00+00:00,DraftKings,Brendson Ribeiro,4.3,0.23255813953488372,4.127272727272727,4.0,underdog
Oumar Sy vs Brendson Ribeiro,2025-09-06 18:45:00+00:00,BetUS,Brendson Ribeiro,4.27,0.234192037470726,4.127272727272727,4.0,underdog
Oumar Sy vs Brendson Ribeiro,2025-09-06 18:45:00+00:00,Bally Bet,Brendson Ribeiro,4.1,0.24390243902439027,4.127272727272727,4.0,underdog
Oumar Sy vs Brendson Ribeiro,2025-09-06 18:45:00+00:00,betPARX,Brendson Ribeiro,4.1,0.24390243902439027,4.127272727272727,4.0,underdog
Oumar Sy vs Brendson Ribeiro,2025-09-06 18:45:00+00:00,BetRivers,Brendson Ribeiro,4.1,0.24390243902439027,4.127272727272727,4.0,underdog
Oumar Sy vs Brendson Ribeiro,2025-09-06 18:45:00+00:00,ESPN BET,Brendson Ribeiro,4.25,0.23529411764705882,4.127272727272727,4.0,underdog
Oumar Sy vs Brendson Ribeiro,2025-09-06 18:45:00+00:00,FanDuel,Brendson Ribeiro,3.8,0.2631578947368421,4.127272727272727,4.0,underdog
Oumar Sy vs Brendson Ribeiro,2025-09-06 18:45:00+00:00,BetAnySports,Brendson Ribeiro,3.8,0.2631578947368421,4.127272727272727,4.0,underdog
Oumar Sy vs Brendson Ribeiro,2025-09-06 18:45:00+00:00,BetOnline.ag,Oumar Sy,1.23,0.8130081300813008,1.2327272727272727,1.0,favorite
Oumar Sy vs Brendson Ribeiro,2025-09-06 18:45:00+00:00,Fliff,Oumar Sy,1.21,0.8264462809917356,1.2327272727272727,1.0,favorite
Oumar Sy vs Brendson Ribeiro,2025-09-06 18:45:00+00:00,BetMGM,Oumar Sy,1.22,0.819672131147541,1.2327272727272727,1.0,favorite
Oumar Sy vs Brendson Ribeiro,2025-09-06 18:45:00+00:00,DraftKings,Oumar Sy,1.24,0.8064516129032259,1.2327272727272727,1.0,favorite
Oumar Sy vs Brendson Ribeiro,2025-09-06 18:45:00+00:00,BetUS,Oumar Sy,1.23,0.8130081300813008,1.2327272727272727,1.0,favorite
Oumar Sy vs Brendson Ribeiro,2025-09-06 18:45:00+00:00,Bally Bet,Oumar Sy,1.24,0.8064516129032259,1.2327272727272727,1.0,favorite
Oumar Sy vs Brendson Ribeiro,2025-09-06 18:45:00+00:00,betPARX,Oumar Sy,1.24,0.8064516129032259,1.2327272727272727,1.0,favorite
Oumar Sy vs Brendson Ribeiro,2025-09-06 18:45:00+00:00,BetRivers,Oumar Sy,1.24,0.8064516129032259,1.2327272727272727,1.0,favorite
Oumar Sy vs Brendson Ribeiro,2025-09-06 18:45:00+00:00,ESPN BET,Oumar Sy,1.22,0.819672131147541,1.2327272727272727,1.0,favorite
Oumar Sy vs Brendson Ribeiro,2025-09-06 18:45:00+00:00,FanDuel,Oumar Sy,1.26,0.7936507936507936,1.2327272727272727,1.0,favorite
Oumar Sy vs Brendson Ribeiro,2025-09-06 18:45:00+00:00,BetAnySports,Oumar Sy,1.23,0.8130081300813008,1.2327272727272727,1.0,favorite
Oumar Sy vs Brendson Ribeiro,2025-09-06 18:45:00+00:00,BetOnline.ag,Over 1.5,1.57,0.6369426751592356,1.5666666666666667,2.0,underdog
Oumar Sy vs Brendson Ribeiro,2025-09-06 18:45:00+00:00,DraftKings,Over 1.5,1.56,0.641025641025641,1.5666666666666667,2.0,underdog
Oumar Sy vs Brendson Ribeiro,2025-09-06 18:45:00+00:00,BetUS,Over 1.5,1.57,0.6369426751592356,1.5666666666666667,2.0,underdog
Oumar Sy vs Brendson Ribeiro,2025-09-06 18:45:00+00:00,BetOnline.ag,Under 1.5,2.53,0.3952569169960475,2.4633333333333334,3.0,underdog
Oumar Sy vs Brendson Ribeiro,2025-09-06 18:45:00+00:00,DraftKings,Under 1.5,2.4,0.4166666666666667,2.4633333333333334,3.0,underdog
Oumar Sy vs Brendson Ribeiro,2025-09-06 18:45:00+00:00,BetUS,Under 1.5,2.46,0.4065040650406504,2.4633333333333334,3.0,underdog
Patricio Pitbull vs Losene Keita,2025-09-06 15:00:00+00:00,BetOnline.ag,Losene Keita,1.5,0.6666666666666666,1.475,2.0,underdog
Patricio Pitbull vs Losene Keita,2025-09-06 15:00:00+00:00,BetUS,Losene Keita,1.5,0.6666666666666666,1.475,2.0,underdog
Patricio Pitbull vs Losene Keita,2025-09-06 15:00:00+00:00,Fliff,Losene Keita,1.42,0.7042253521126761,1.475,2.0,underdog
Patricio Pitbull vs Losene Keita,2025-09-06 15:00:00+00:00,Bally Bet,Losene Keita,1.47,0.6802721088435374,1.475,2.0,underdog
Patricio Pitbull vs Losene Keita,2025-09-06 15:00:00+00:00,betPARX,Losene Keita,1.47,0.6802721088435374,1.475,2.0,underdog
Patricio Pitbull vs Losene Keita,2025-09-06 15:00:00+00:00,BetRivers,Losene Keita,1.47,0.6802721088435374,1.475,2.0,underdog
Patricio Pitbull vs Losene Keita,2025-09-06 15:00:00+00:00,DraftKings,Losene Keita,1.49,0.6711409395973155,1.475,2.0,underdog
Patricio Pitbull vs Losene Keita,2025-09-06 15:00:00+00:00,FanDuel,Losene Keita,1.45,0.6896551724137931,1.475,2.0,underdog
Patricio Pitbull vs Losene Keita,2025-09-06 15:00:00+00:00,ESPN BET,Losene Keita,1.48,0.6756756756756757,1.475,2.0,underdog
Patricio Pitbull vs Losene Keita,2025-09-06 15:00:00+00:00,BetAnySports,Losene Keita,1.5,0.6666666666666666,1.475,2.0,underdog
Patricio Pitbull vs Losene Keita,2025-09-06 15:00:00+00:00,BetOnline.ag,Over 2.5,1.45,0.6896551724137931,1.4566666666666668,1.0,favorite
Patricio Pitbull vs Losene Keita,2025-09-06 15:00:00+00:00,BetUS,Over 2.5,1.45,0.6896551724137931,1.4566666666666668,1.0,favorite
Patricio Pitbull vs Losene Keita,2025-09-06 15:00:00+00:00,DraftKings,Over 2.5,1.47,0.6802721088435374,1.4566666666666668,1.0,favorite
Patricio Pitbull vs Losene Keita,2025-09-06 15:00:00+00:00,BetOnline.ag,Patricio Pitbull,2.7,0.37037037037037035,2.694,3.0,underdog
Patricio Pitbull vs Losene Keita,2025-09-06 15:00:00+00:00,BetUS,Patricio Pitbull,2.66,0.37593984962406013,2.694,3.0,underdog
Patricio Pitbull vs Losene Keita,2025-09-06 15:00:00+00:00,Fliff,Patricio Pitbull,2.65,0.37735849056603776,2.694,3.0,underdog
Patricio Pitbull vs Losene Keita,2025-09-06 15:00:00+00:00,Bally Bet,Patricio Pitbull,2.7,0.37037037037037035,2.694,3.0,underdog
Patricio Pitbull vs Losene Keita,2025-09-06 15:00:00+00:00,betPARX,Patricio Pitbull,2.7,0.37037037037037035,2.694,3.0,underdog
Patricio Pitbull vs Losene Keita,2025-09-06 15:00:00+00:00,BetRivers,Patricio Pitbull,2.7,0.37037037037037035,2.694,3.0,underdog
Patricio Pitbull vs Losene Keita,2025-09-06 15:00:00+00:00,DraftKings,Patricio Pitbull,2.7,0.37037037037037035,2.694,3.0,underdog
Patricio Pitbull vs Losene Keita,2025-09-06 15:00:00+00:00,FanDuel,Patricio Pitbull,2.68,0.3731343283582089,2.694,3.0,underdog
Patricio Pitbull vs Losene Keita,2025-09-06 15:00:00+00:00,ESPN BET,Patricio Pitbull,2.75,0.36363636363636365,2.694,3.0,underdog
Patricio Pitbull vs Losene Keita,2025-09-06 15:00:00+00:00,BetAnySports,Patricio Pitbull,2.7,0.37037037037037035,2.694,3.0,underdog
Patricio Pitbull vs Losene Keita,2025-09-06 15:00:00+00:00,BetOnline.ag,Under 2.5,2.86,0.3496503496503497,2.776666666666667,4.0,underdog
Patricio Pitbull vs Losene Keita,2025-09-06 15:00:00+00:00,BetUS,Under 2.5,2.82,0.3546099290780142,2.776666666666667,4.0,underdog
Patricio Pitbull vs Losene Keita,2025-09-06 15:00:00+00:00,DraftKings,Under 2.5,2.65,0.37735849056603776,2.776666666666667,4.0,underdog
Rafa Garcia vs Jared Gordon,2025-09-14 00:00:00+00:00,BetOnline.ag,Jared Gordon,1.42,0.7042253521126761,1.4075,1.0,favorite
Rafa Garcia vs Jared Gordon,2025-09-14 00:00:00+00:00,DraftKings,Jared Gordon,1.41,0.7092198581560284,1.4075,1.0,favorite
Rafa Garcia vs Jared Gordon,2025-09-14 00:00:00+00:00,FanDuel,Jared Gordon,1.44,0.6944444444444444,1.4075,1.0,favorite
Rafa Garcia vs Jared Gordon,2025-09-14 00:00:00+00:00,Fliff,Jared Gordon,1.36,0.7352941176470588,1.4075,1.0,favorite
Rafa Garcia vs Jared Gordon,2025-09-14 00:00:00+00:00,BetOnline.ag,Rafa Garcia,3.05,0.3278688524590164,2.9175,2.0,underdog
Rafa Garcia vs Jared Gordon,2025-09-14 00:00:00+00:00,DraftKings,Rafa Garcia,3.0,0.3333333333333333,2.9175,2.0,underdog
Rafa Garcia vs Jared Gordon,2025-09-14 00:00:00+00:00,FanDuel,Rafa Garcia,2.72,0.3676470588235294,2.9175,2.0,underdog
Rafa Garcia vs Jared Gordon,2025-09-14 00:00:00+00:00,Fliff,Rafa Garcia,2.9,0.3448275862068966,2.9175,2.0,underdog
Rhys McKee vs Axel Sola,2025-09-06 15:00:00+00:00,DraftKings,Axel Sola,1.74,0.5747126436781609,1.710909090909091,2.0,underdog
Rhys McKee vs Axel Sola,2025-09-06 15:00:00+00:00,Fliff,Axel Sola,1.65,0.6060606060606061,1.710909090909091,2.0,underdog
Rhys McKee vs Axel Sola,2025-09-06 15:00:00+00:00,BetUS,Axel Sola,1.74,0.5747126436781609,1.710909090909091,2.0,underdog
Rhys McKee vs Axel Sola,2025-09-06 15:00:00+00:00,BetAnySports,Axel Sola,1.74,0.5747126436781609,1.710909090909091,2.0,underdog
Rhys McKee vs Axel Sola,2025-09-06 15:00:00+00:00,ESPN BET,Axel Sola,1.74,0.5747126436781609,1.710909090909091,2.0,underdog
Rhys McKee vs Axel Sola,2025-09-06 15:00:00+00:00,BetMGM,Axel Sola,1.69,0.591715976331361,1.710909090909091,2.0,underdog
Rhys McKee vs Axel Sola,2025-09-06 15:00:00+00:00,BetOnline.ag,Axel Sola,1.75,0.5714285714285714,1.710909090909091,2.0,underdog
Rhys McKee vs Axel Sola,2025-09-06 15:00:00+00:00,FanDuel,Axel Sola,1.67,0.5988023952095809,1.710909090909091,2.0,underdog
Rhys McKee vs Axel Sola,2025-09-06 15:00:00+00:00,betPARX,Axel Sola,1.7,0.5882352941176471,1.710909090909091,2.0,underdog
Rhys McKee vs Axel Sola,2025-09-06 15:00:00+00:00,Bally Bet,Axel Sola,1.7,0.5882352941176471,1.710909090909091,2.0,underdog
Rhys McKee vs Axel Sola,2025-09-06 15:00:00+00:00,BetRivers,Axel Sola,1.7,0.5882352941176471,1.710909090909091,2.0,underdog
Rhys McKee vs Axel Sola,2025-09-06 15:00:00+00:00,DraftKings,Over 2.5,1.6,0.625,1.6066666666666667,1.0,favorite
Rhys McKee vs Axel Sola,2025-09-06 15:00:00+00:00,BetUS,Over 2.5,1.61,0.6211180124223602,1.6066666666666667,1.0,favorite
Rhys McKee vs Axel Sola,2025-09-06 15:00:00+00:00,BetOnline.ag,Over 2.5,1.61,0.6211180124223602,1.6066666666666667,1.0,favorite
Rhys McKee vs Axel Sola,2025-09-06 15:00:00+00:00,DraftKings,Rhys McKee,2.14,0.4672897196261682,2.143636363636364,3.0,underdog
Rhys McKee vs Axel Sola,2025-09-06 15:00:00+00:00,Fliff,Rhys McKee,2.1,0.47619047619047616,2.143636363636364,3.0,underdog
Rhys McKee vs Axel Sola,2025-09-06 15:00:00+00:00,BetUS,Rhys McKee,2.14,0.4672897196261682,2.143636363636364,3.0,underdog
Rhys McKee vs Axel Sola,2025-09-06 15:00:00+00:00,BetAnySports,Rhys McKee,2.05,0.48780487804878053,2.143636363636364,3.0,underdog
Rhys McKee vs Axel Sola,2025-09-06 15:00:00+00:00,ESPN BET,Rhys McKee,2.15,0.46511627906976744,2.143636363636364,3.0,underdog
Rhys McKee vs Axel Sola,2025-09-06 15:00:00+00:00,BetMGM,Rhys McKee,2.2,0.45454545454545453,2.143636363636364,3.0,underdog
Rhys McKee vs Axel Sola,2025-09-06 15:00:00+00:00,BetOnline.ag,Rhys McKee,2.14,0.4672897196261682,2.143636363636364,3.0,underdog
Rhys McKee vs Axel Sola,2025-09-06 15:00:00+00:00,FanDuel,Rhys McKee,2.18,0.4587155963302752,2.143636363636364,3.0,underdog
Rhys McKee vs Axel Sola,2025-09-06 15:00:00+00:00,betPARX,Rhys McKee,2.16,0.4629629629629629,2.143636363636364,3.0,underdog
Rhys McKee vs Axel Sola,2025-09-06 15:00:00+00:00,Bally Bet,Rhys McKee,2.16,0.4629629629629629,2.143636363636364,3.0,underdog
Rhys McKee vs Axel Sola,2025-09-06 15:00:00+00:00,BetRivers,Rhys McKee,2.16,0.4629629629629629,2.143636363636364,3.0,underdog
Rhys McKee vs Axel Sola,2025-09-06 15:00:00+00:00,DraftKings,Under 2.5,2.3,0.4347826086956522,2.3766666666666665,4.0,underdog
Rhys McKee vs Axel Sola,2025-09-06 15:00:00+00:00,BetUS,Under 2.5,2.38,0.42016806722689076,2.3766666666666665,4.0,underdog
Rhys McKee vs Axel Sola,2025-09-06 15:00:00+00:00,BetOnline.ag,Under 2.5,2.45,0.4081632653061224,2.3766666666666665,4.0,underdog
Sam Patterson vs Trey Waters,2025-09-06 17:15:00+00:00,BetOnline.ag,Over 1.5,1.54,0.6493506493506493,1.5366666666666668,1.0,favorite
Sam Patterson vs Trey Waters,2025-09-06 17:15:00+00:00,DraftKings,Over 1.5,1.53,0.6535947712418301,1.5366666666666668,1.0,favorite
Sam Patterson vs Trey Waters,2025-09-06 17:15:00+00:00,BetUS,Over 1.5,1.54,0.6493506493506493,1.5366666666666668,1.0,favorite
Sam Patterson vs Trey Waters,2025-09-06 17:15:00+00:00,BetOnline.ag,Sam Patterson,1.57,0.6369426751592356,1.581818181818182,2.0,underdog
Sam Patterson vs Trey Waters,2025-09-06 17:15:00+00:00,Fliff,Sam Patterson,1.54,0.6493506493506493,1.581818181818182,2.0,underdog
Sam Patterson vs Trey Waters,2025-09-06 17:15:00+00:00,BetMGM,Sam Patterson,1.57,0.6369426751592356,1.581818181818182,2.0,underdog
Sam Patterson vs Trey Waters,2025-09-06 17:15:00+00:00,DraftKings,Sam Patterson,1.6,0.625,1.581818181818182,2.0,underdog
Sam Patterson vs Trey Waters,2025-09-06 17:15:00+00:00,BetUS,Sam Patterson,1.57,0.6369426751592356,1.581818181818182,2.0,underdog
Sam Patterson vs Trey Waters,2025-09-06 17:15:00+00:00,Bally Bet,Sam Patterson,1.61,0.6211180124223602,1.581818181818182,2.0,underdog
Sam Patterson vs Trey Waters,2025-09-06 17:15:00+00:00,betPARX,Sam Patterson,1.61,0.6211180124223602,1.581818181818182,2.0,underdog
Sam Patterson vs Trey Waters,2025-09-06 17:15:00+00:00,BetRivers,Sam Patterson,1.61,0.6211180124223602,1.581818181818182,2.0,underdog
Sam Patterson vs Trey Waters,2025-09-06 17:15:00+00:00,FanDuel,Sam Patterson,1.57,0.6369426751592356,1.581818181818182,2.0,underdog
Sam Patterson vs Trey Waters,2025-09-06 17:15:00+00:00,ESPN BET,Sam Patterson,1.56,0.641025641025641,1.581818181818182,2.0,underdog
Sam Patterson vs Trey Waters,2025-09-06 17:15:00+00:00,BetAnySports,Sam Patterson,1.59,0.6289308176100629,1.581818181818182,2.0,underdog
Sam Patterson vs Trey Waters,2025-09-06 17:15:00+00:00,BetOnline.ag,Trey Waters,2.5,0.4,2.3936363636363636,3.0,underdog
Sam Patterson vs Trey Waters,2025-09-06 17:15:00+00:00,Fliff,Trey Waters,2.3,0.4347826086956522,2.3936363636363636,3.0,underdog
Sam Patterson vs Trey Waters,2025-09-06 17:15:00+00:00,BetMGM,Trey Waters,2.45,0.4081632653061224,2.3936363636363636,3.0,underdog
Sam Patterson vs Trey Waters,2025-09-06 17:15:00+00:00,DraftKings,Trey Waters,2.4,0.4166666666666667,2.3936363636363636,3.0,underdog
Sam Patterson vs Trey Waters,2025-09-06 17:15:00+00:00,BetUS,Trey Waters,2.46,0.4065040650406504,2.3936363636363636,3.0,underdog
Sam Patterson vs Trey Waters,2025-09-06 17:15:00+00:00,Bally Bet,Trey Waters,2.32,0.4310344827586207,2.3936363636363636,3.0,underdog
Sam Patterson vs Trey Waters,2025-09-06 17:15:00+00:00,betPARX,Trey Waters,2.32,0.4310344827586207,2.3936363636363636,3.0,underdog
Sam Patterson vs Trey Waters,2025-09-06 17:15:00+00:00,BetRivers,Trey Waters,2.32,0.4310344827586207,2.3936363636363636,3.0,underdog
Sam Patterson vs Trey Waters,2025-09-06 17:15:00+00:00,FanDuel,Trey Waters,2.36,0.42372881355932207,2.3936363636363636,3.0,underdog
Sam Patterson vs Trey Waters,2025-09-06 17:15:00+00:00,ESPN BET,Trey Waters,2.5,0.4,2.3936363636363636,3.0,underdog
Sam Patterson vs Trey Waters,2025-09-06 17:15:00+00:00,BetAnySports,Trey Waters,2.4,0.4166666666666667,2.3936363636363636,3.0,underdog
Sam Patterson vs Trey Waters,2025-09-06 17:15:00+00:00,BetOnline.ag,Under 1.5,2.61,0.3831417624521073,2.533333333333333,4.0,underdog
Sam Patterson vs Trey Waters,2025-09-06 17:15:00+00:00,DraftKings,Under 1.5,2.45,0.4081632653061224,2.533333333333333,4.0,underdog
Sam Patterson vs Trey Waters,2025-09-06 17:15:00+00:00,BetUS,Under 1.5,2.54,0.39370078740157477,2.533333333333333,4.0,underdog
Shauna Bannon vs Sam Hughes,2025-09-06 16:15:00+00:00,BetOnline.ag,Over 2.5,1.24,0.8064516129032259,1.2333333333333334,1.0,favorite
Shauna Bannon vs Sam Hughes,2025-09-06 16:15:00+00:00,DraftKings,Over 2.5,1.22,0.819672131147541,1.2333333333333334,1.0,favorite
Shauna Bannon vs Sam Hughes,2025-09-06 16:15:00+00:00,BetUS,Over 2.5,1.24,0.8064516129032259,1.2333333333333334,1.0,favorite
Shauna Bannon vs Sam Hughes,2025-09-06 16:15:00+00:00,BetOnline.ag,Sam Hughes,1.32,0.7575757575757576,1.296,2.0,underdog
Shauna Bannon vs Sam Hughes,2025-09-06 16:15:00+00:00,Fliff,Sam Hughes,1.26,0.7936507936507936,1.296,2.0,underdog
Shauna Bannon vs Sam Hughes,2025-09-06 16:15:00+00:00,DraftKings,Sam Hughes,1.29,0.7751937984496123,1.296,2.0,underdog
Shauna Bannon vs Sam Hughes,2025-09-06 16:15:00+00:00,BetUS,Sam Hughes,1.32,0.7575757575757576,1.296,2.0,underdog
Shauna Bannon vs Sam Hughes,2025-09-06 16:15:00+00:00,Bally Bet,Sam Hughes,1.28,0.78125,1.296,2.0,underdog
Shauna Bannon vs Sam Hughes,2025-09-06 16:15:00+00:00,BetRivers,Sam Hughes,1.28,0.78125,1.296,2.0,underdog
Shauna Bannon vs Sam Hughes,2025-09-06 16:15:00+00:00,betPARX,Sam Hughes,1.28,0.78125,1.296,2.0,underdog
Shauna Bannon vs Sam Hughes,2025-09-06 16:15:00+00:00,ESPN BET,Sam Hughes,1.32,0.7575757575757576,1.296,2.0,underdog
Shauna Bannon vs Sam Hughes,2025-09-06 16:15:00+00:00,FanDuel,Sam Hughes,1.32,0.7575757575757576,1.296,2.0,underdog
Shauna Bannon vs Sam Hughes,2025-09-06 16:15:00+00:00,BetAnySports,Sam Hughes,1.29,0.7751937984496123,1.296,2.0,underdog
Shauna Bannon vs Sam Hughes,2025-09-06 16:15:00+00:00,BetOnline.ag,Shauna Bannon,3.6,0.2777777777777778,3.599,3.0,underdog
Shauna Bannon vs Sam Hughes,2025-09-06 16:15:00+00:00,Fliff,Shauna Bannon,3.5,0.2857142857142857,3.599,3.0,underdog
Shauna Bannon vs Sam Hughes,2025-09-06 16:15:00+00:00,DraftKings,Shauna Bannon,3.7,0.27027027027027023,3.599,3.0,underdog
Shauna Bannon vs Sam Hughes,2025-09-06 16:15:00+00:00,BetUS,Shauna Bannon,3.54,0.2824858757062147,3.599,3.0,underdog
Shauna Bannon vs Sam Hughes,2025-09-06 16:15:00+00:00,Bally Bet,Shauna Bannon,3.7,0.27027027027027023,3.599,3.0,underdog
Shauna Bannon vs Sam Hughes,2025-09-06 16:15:00+00:00,BetRivers,Shauna Bannon,3.7,0.27027027027027023,3.599,3.0,underdog
Shauna Bannon vs Sam Hughes,2025-09-06 16:15:00+00:00,betPARX,Shauna Bannon,3.7,0.27027027027027023,3.599,3.0,underdog
Shauna Bannon vs Sam Hughes,2025-09-06 16:15:00+00:00,ESPN BET,Shauna Bannon,3.45,0.2898550724637681,3.599,3.0,underdog
Shauna Bannon vs Sam Hughes,2025-09-06 16:15:00+00:00,FanDuel,Shauna Bannon,3.3,0.30303030303030304,3.599,3.0,underdog
Shauna Bannon vs Sam Hughes,2025-09-06 16:15:00+00:00,BetAnySports,Shauna Bannon,3.8,0.2631578947368421,3.599,3.0,underdog
Shauna Bannon vs Sam Hughes,2025-09-06 16:15:00+00:00,BetOnline.ag,Under 2.5,4.25,0.23529411764705882,4.196666666666666,4.0,underdog
Shauna Bannon vs Sam Hughes,2025-09-06 16:15:00+00:00,DraftKings,Under 2.5,4.1,0.24390243902439027,4.196666666666666,4.0,underdog
Shauna Bannon vs Sam Hughes,2025-09-06 16:15:00+00:00,BetUS,Under 2.5,4.24,0.23584905660377356,4.196666666666666,4.0,underdog
Tatiana Suarez vs Amanda Lemos,2025-09-14 04:00:00+00:00,BetOnline.ag,Amanda Lemos,4.55,0.21978021978021978,4.1,2.0,underdog
Tatiana Suarez vs Amanda Lemos,2025-09-14 04:00:00+00:00,DraftKings,Amanda Lemos,4.4,0.22727272727272727,4.1,2.0,underdog
Tatiana Suarez vs Amanda Lemos,2025-09-14 04:00:00+00:00,FanDuel,Amanda Lemos,3.8,0.2631578947368421,4.1,2.0,underdog
Tatiana Suarez vs Amanda Lemos,2025-09-14 04:00:00+00:00,Fliff,Amanda Lemos,3.65,0.273972602739726,4.1,2.0,underdog
Tatiana Suarez vs Amanda Lemos,2025-09-14 04:00:00+00:00,BetOnline.ag,Tatiana Suarez,1.24,0.8064516129032259,1.245,1.0,favorite
Tatiana Suarez vs Amanda Lemos,2025-09-14 04:00:00+00:00,DraftKings,Tatiana Suarez,1.23,0.8130081300813008,1.245,1.0,favorite
Tatiana Suarez vs Amanda Lemos,2025-09-14 04:00:00+00:00,FanDuel,Tatiana Suarez,1.26,0.7936507936507936,1.245,1.0,favorite
Tatiana Suarez vs Amanda Lemos,2025-09-14 04:00:00+00:00,Fliff,Tatiana Suarez,1.25,0.8,1.245,1.0,favorite
Theo Haig vs Cezary Oleksiejczuk,2025-09-03 01:30:00+00:00,FanDuel,Cezary Oleksiejczuk,1.31,0.7633587786259541,1.3133333333333335,1.0,favorite
Theo Haig vs Cezary Oleksiejczuk,2025-09-03 01:30:00+00:00,BetOnline.ag,Cezary Oleksiejczuk,1.32,0.7575757575757576,1.3133333333333335,1.0,favorite
Theo Haig vs Cezary Oleksiejczuk,2025-09-03 01:30:00+00:00,BetAnySports,Cezary Oleksiejczuk,1.31,0.7633587786259541,1.3133333333333335,1.0,favorite
Theo Haig vs Cezary Oleksiejczuk,2025-09-03 01:30:00+00:00,BetOnline.ag,Over 1.5,2.05,0.48780487804878053,2.0,3.0,underdog
Theo Haig vs Cezary Oleksiejczuk,2025-09-03 01:30:00+00:00,BetAnySports,Over 1.5,1.95,0.5128205128205129,2.0,3.0,underdog
Theo Haig vs Cezary Oleksiejczuk,2025-09-03 01:30:00+00:00,FanDuel,Theo Haig,3.6,0.2777777777777778,3.5833333333333335,4.0,underdog
Theo Haig vs Cezary Oleksiejczuk,2025-09-03 01:30:00+00:00,BetOnline.ag,Theo Haig,3.65,0.273972602739726,3.5833333333333335,4.0,underdog
Theo Haig vs Cezary Oleksiejczuk,2025-09-03 01:30:00+00:00,BetAnySports,Theo Haig,3.5,0.2857142857142857,3.5833333333333335,4.0,underdog
Theo Haig vs Cezary Oleksiejczuk,2025-09-03 01:30:00+00:00,BetOnline.ag,Under 1.5,1.8,0.5555555555555556,1.8,2.0,underdog
Theo Haig vs Cezary Oleksiejczuk,2025-09-03 01:30:00+00:00,BetAnySports,Under 1.5,1.8,0.5555555555555556,1.8,2.0,underdog
William Gomis vs Robert Ruchala,2025-09-06 17:45:00+00:00,BetOnline.ag,Over 2.5,1.37,0.7299270072992701,1.366666666666667,1.0,favorite
William Gomis vs Robert Ruchala,2025-09-06 17:45:00+00:00,DraftKings,Over 2.5,1.36,0.7352941176470588,1.366666666666667,1.0,favorite
William Gomis vs Robert Ruchala,2025-09-06 17:45:00+00:00,BetUS,Over 2.5,1.37,0.7299270072992701,1.366666666666667,1.0,favorite
William Gomis vs Robert Ruchala,2025-09-06 17:45:00+00:00,BetOnline.ag,Robert Ruchala,2.9,0.3448275862068966,2.9045454545454543,3.0,underdog
William Gomis vs Robert Ruchala,2025-09-06 17:45:00+00:00,Fliff,Robert Ruchala,2.85,0.3508771929824561,2.9045454545454543,3.0,underdog
William Gomis vs Robert Ruchala,2025-09-06 17:45:00+00:00,BetMGM,Robert Ruchala,3.0,0.3333333333333333,2.9045454545454543,3.0,underdog
William Gomis vs Robert Ruchala,2025-09-06 17:45:00+00:00,DraftKings,Robert Ruchala,3.05,0.3278688524590164,2.9045454545454543,3.0,underdog
William Gomis vs Robert Ruchala,2025-09-06 17:45:00+00:00,BetUS,Robert Ruchala,2.94,0.3401360544217687,2.9045454545454543,3.0,underdog
William Gomis vs Robert Ruchala,2025-09-06 17:45:00+00:00,Bally Bet,Robert Ruchala,2.8,0.35714285714285715,2.9045454545454543,3.0,underdog
William Gomis vs Robert Ruchala,2025-09-06 17:45:00+00:00,BetRivers,Robert Ruchala,2.8,0.35714285714285715,2.9045454545454543,3.0,underdog
William Gomis vs Robert Ruchala,2025-09-06 17:45:00+00:00,betPARX,Robert Ruchala,2.8,0.35714285714285715,2.9045454545454543,3.0,underdog
William Gomis vs Robert Ruchala,2025-09-06 17:45:00+00:00,FanDuel,Robert Ruchala,2.96,0.33783783783783783,2.9045454545454543,3.0,underdog
William Gomis vs Robert Ruchala,2025-09-06 17:45:00+00:00,ESPN BET,Robert Ruchala,2.9,0.3448275862068966,2.9045454545454543,3.0,underdog
William Gomis vs Robert Ruchala,2025-09-06 17:45:00+00:00,BetAnySports,Robert Ruchala,2.95,0.3389830508474576,2.9045454545454543,3.0,underdog
William Gomis vs Robert Ruchala,2025-09-06 17:45:00+00:00,BetOnline.ag,Under 2.5,3.22,0.3105590062111801,3.18,4.0,underdog
William Gomis vs Robert Ruchala,2025-09-06 17:45:00+00:00,DraftKings,Under 2.5,3.1,0.3225806451612903,3.18,4.0,underdog
William Gomis vs Robert Ruchala,2025-09-06 17:45:00+00:00,BetUS,Under 2.5,3.22,0.3105590062111801,3.18,4.0,underdog
William Gomis vs Robert Ruchala,2025-09-06 17:45:00+00:00,BetOnline.ag,William Gomis,1.44,0.6944444444444444,1.4163636363636363,2.0,underdog
William Gomis vs Robert Ruchala,2025-09-06 17:45:00+00:00,Fliff,William Gomis,1.38,0.7246376811594204,1.4163636363636363,2.0,underdog
William Gomis vs Robert Ruchala,2025-09-06 17:45:00+00:00,BetMGM,William Gomis,1.4,0.7142857142857143,1.4163636363636363,2.0,underdog
William Gomis vs Robert Ruchala,2025-09-06 17:45:00+00:00,DraftKings,William Gomis,1.4,0.7142857142857143,1.4163636363636363,2.0,underdog
William Gomis vs Robert Ruchala,2025-09-06 17:45:00+00:00,BetUS,William Gomis,1.43,0.6993006993006994,1.4163636363636363,2.0,underdog
William Gomis vs Robert Ruchala,2025-09-06 17:45:00+00:00,Bally Bet,William Gomis,1.43,0.6993006993006994,1.4163636363636363,2.0,underdog
William Gomis vs Robert Ruchala,2025-09-06 17:45:00+00:00,BetRivers,William Gomis,1.43,0.6993006993006994,1.4163636363636363,2.0,underdog
William Gomis vs Robert Ruchala,2025-09-06 17:45:00+00:00,betPARX,William Gomis,1.43,0.6993006993006994,1.4163636363636363,2.0,underdog
William Gomis vs Robert Ruchala,2025-09-06 17:45:00+00:00,FanDuel,William Gomis,1.38,0.7246376811594204,1.4163636363636363,2.0,underdog
William Gomis vs Robert Ruchala,2025-09-06 17:45:00+00:00,ESPN BET,William Gomis,1.43,0.6993006993006994,1.4163636363636363,2.0,underdog
William Gomis vs Robert Ruchala,2025-09-06 17:45:00+00:00,BetAnySports,William Gomis,1.43,0.6993006993006994,1.4163636363636363,2.0,underdog
Zachary Reese vs Sedriques Dumas,2025-09-14 03:00:00+00:00,BetOnline.ag,Sedriques Dumas,3.35,0.29850746268656714,3.2875,2.0,underdog
Zachary Reese vs Sedriques Dumas,2025-09-14 03:00:00+00:00,DraftKings,Sedriques Dumas,3.3,0.30303030303030304,3.2875,2.0,underdog
Zachary Reese vs Sedriques Dumas,2025-09-14 03:00:00+00:00,FanDuel,Sedriques Dumas,3.3,0.30303030303030304,3.2875,2.0,underdog
Zachary Reese vs Sedriques Dumas,2025-09-14 03:00:00+00:00,Fliff,Sedriques Dumas,3.2,0.3125,3.2875,2.0,underdog
Zachary Reese vs Sedriques Dumas,2025-09-14 03:00:00+00:00,BetOnline.ag,Zachary Reese,1.36,0.7352941176470588,1.335,1.0,favorite
Zachary Reese vs Sedriques Dumas,2025-09-14 03:00:00+00:00,DraftKings,Zachary Reese,1.35,0.7407407407407407,1.335,1.0,favorite
Zachary Reese vs Sedriques Dumas,2025-09-14 03:00:00+00:00,FanDuel,Zachary Reese,1.32,0.7575757575757576,1.335,1.0,favorite
Zachary Reese vs Sedriques Dumas,2025-09-14 03:00:00+00:00,Fliff,Zachary Reese,1.31,0.7633587786259541,1.335,1.0,favorite
